"text","favorited","favoriteCount","replyToSN","created","truncated","replyToSID","id","replyToUID","statusSource","screenName","retweetCount","isRetweet","retweeted","longitude","latitude"
"@M3deirosFelipe Questionou a contratação do zyori e a lambicao de saco entre brycent elijah e os outros streamers f… https://t.co/Z0ffkPiPb3",FALSE,0,"seaglue90",2021-12-28 09:03:42,TRUE,"1475753784689053696","1475754317478907905","1410063566078496770","<a href=""http://twitter.com/download/iphone"" rel=""nofollow"">Twitter for iPhone</a>","seaglue90",0,FALSE,FALSE,NA,NA
"@NinjaDAOs @SkyMavis_ @DonLeung_ @alberttakagi  

Username: Clairylle",FALSE,0,"NinjaDAOs",2021-12-28 04:58:45,FALSE,"1475680262830772225","1475692676980744194","1437646536645644292","<a href=""http://twitter.com/download/android"" rel=""nofollow"">Twitter for Android</a>","Marbleger_crypt",0,FALSE,FALSE,NA,NA
"@AxieLima @trungfinity @Jihoz_Axie @Psycheout86 @AxieInfinity how much Skymavis paid you??",FALSE,0,"AxieLima",2021-12-28 03:18:05,FALSE,"1475300356666146818","1475667342008934400","1304654390977011712","<a href=""http://twitter.com/download/iphone"" rel=""nofollow"">Twitter for iPhone</a>","enric_perseus",0,FALSE,FALSE,NA,NA
"Sounds like Lunacia and the work being done by the skymavis team :) https://t.co/p1WN0xvhiK",FALSE,0,NA,2021-12-28 00:20:57,FALSE,NA,"1475622763842793474",NA,"<a href=""https://mobile.twitter.com"" rel=""nofollow"">Twitter Web App</a>","_tan2x",0,FALSE,FALSE,NA,NA
"@AxieAur lessa go. if skymavis deliver on land / sdk ron will be huge.",FALSE,1,"AxieAur",2021-12-27 19:23:17,FALSE,"1475530349484593157","1475547856211783684","114875101","<a href=""https://mobile.twitter.com"" rel=""nofollow"">Twitter Web App</a>","Paul32232335",0,FALSE,FALSE,NA,NA
"@r3dcaterpillar Skymavis should compensate with him/her.",FALSE,0,"r3dcaterpillar",2021-12-27 17:28:48,FALSE,"1475135416772796418","1475519041896730626","798385642237530112","<a href=""http://twitter.com/download/android"" rel=""nofollow"">Twitter for Android</a>","Gngurung",0,FALSE,FALSE,NA,NA
"@AxieInfinity My ronin wallet is missing on bug. But skymavis isn't replying on my mail and it is sad <U+0001F62D> . I enjoyed… https://t.co/mkMXOt4mMO",FALSE,2,"AxieInfinity",2021-12-27 16:38:44,TRUE,"1475478148330442761","1475506444560703488","957716432430641152","<a href=""http://twitter.com/download/android"" rel=""nofollow"">Twitter for Android</a>","adrian_ymas",0,FALSE,FALSE,NA,NA
"@clar1taa https://t.co/bKoy9NYwHo acá te salen varios servidores tienes que ir a la opción de soporte y explicar tu caso bien redactado",FALSE,0,"clar1taa",2021-12-27 16:22:29,FALSE,"1475501497085415432","1475502353822490635","976528780109008896","<a href=""https://mobile.twitter.com"" rel=""nofollow"">Twitter Web App</a>","4dictivo",0,FALSE,FALSE,NA,NA
"@JDHyper Skymavis will not agree/ i guess this is the only way skymavis earning am i right correct me if im wrong.… https://t.co/caJ7OQWfa7",FALSE,0,"JDHyper",2021-12-27 15:51:36,TRUE,"1475461689705439236","1475494581017796608","1332884724","<a href=""https://mobile.twitter.com"" rel=""nofollow"">Twitter Web App</a>","Jemel31591213",0,FALSE,FALSE,NA,NA
"@AxieInfinity Mr.Josh giving the awesome proposal.He really try to provide value to this game and community.

But c… https://t.co/XdBQiiPnug",FALSE,1,"AxieInfinity",2021-12-27 15:45:16,TRUE,"1475479686788624385","1475492988591562752","957716432430641152","<a href=""http://twitter.com/download/android"" rel=""nofollow"">Twitter for Android</a>","AxieCCM",0,FALSE,FALSE,NA,NA
"RT @justme11090724: @Jihoz_Axie how about, start asking your dev and skymavis to answers the emails??? up until now, my issue has not been…",FALSE,0,NA,2021-12-27 15:17:43,FALSE,NA,"1475486054970839041",NA,"<a href=""http://twitter.com/download/android"" rel=""nofollow"">Twitter for Android</a>","Shank77209799",1,TRUE,FALSE,NA,NA
"@MobiG_ Win @billyalfonsoz4 @SavageStudios6 @StakingR",FALSE,2,"MobiG_",2021-12-27 14:48:11,FALSE,"1475418130537234433","1475478623565930496","1419727228636700676","<a href=""http://twitter.com/download/android"" rel=""nofollow"">Twitter for Android</a>","SkyMavis_",0,FALSE,FALSE,NA,NA
"RT @MobiG_: Just a quick 300 SLP giveaway because of christmas &amp; new year!

You know the drill:

<U+2714> Like &amp; Retweet this post
<U+2714> Comment ""win""…",FALSE,0,NA,2021-12-27 14:47:46,FALSE,NA,"1475478520251895809",NA,"<a href=""http://twitter.com/download/android"" rel=""nofollow"">Twitter for Android</a>","SkyMavis_",156,TRUE,FALSE,NA,NA
"RT @akaoninotuno: <U+3010>Axie&SLP Giveaway<U+3011>

<U+0001F363>japanese omotenasi<U+0001F363> 

Axie&1000SLP 1Winner

<U+25B6>Follow 
@akaoninotuno
<U+25B6>Like
<U+25B6>Retweet this 

Ends 12/30…",FALSE,0,NA,2021-12-27 14:46:24,FALSE,NA,"1475478173907226624",NA,"<a href=""http://twitter.com/download/android"" rel=""nofollow"">Twitter for Android</a>","SkyMavis_",1172,TRUE,FALSE,NA,NA
"@brycent_ @Jihoz_Axie @llevans_axie paid by skymavis and a lier. lol. <U+0001F602>",FALSE,0,"brycent_",2021-12-27 14:36:42,FALSE,"1475243940014174218","1475475733304811521","2697947171","<a href=""http://twitter.com/download/iphone"" rel=""nofollow"">Twitter for iPhone</a>","enric_perseus",0,FALSE,FALSE,NA,NA
"@Jihoz_Axie how about, start asking your dev and skymavis to answers the emails??? up until now, my issue has not been fixed!!!",FALSE,7,"Jihoz_Axie",2021-12-27 14:30:54,FALSE,"1475454623590748160","1475474272366006277","1009692722976788480","<a href=""http://twitter.com/download/android"" rel=""nofollow"">Twitter for Android</a>","justme11090724",1,FALSE,FALSE,NA,NA
"@bonjoseph98 @Jihoz_Axie @AxieInfinity I know and you are talented, but jihoz doing RT to anything everyone else ma… https://t.co/HkIiqczglG",FALSE,0,"bonjoseph98",2021-12-27 13:29:02,TRUE,"1475455056946233346","1475458704669564930","1416665472469135365","<a href=""http://twitter.com/download/android"" rel=""nofollow"">Twitter for Android</a>","Crypto7774",0,FALSE,FALSE,NA,NA
"@Crypto7774 @bonjoseph98 @Jihoz_Axie @AxieInfinity Learn to read first before you comment. The guy is not part of t… https://t.co/rhxLHdUjAh",FALSE,0,"Crypto7774",2021-12-27 13:25:31,TRUE,"1475450395610828810","1475457821281976320","1150606583409328129","<a href=""https://mobile.twitter.com"" rel=""nofollow"">Twitter Web App</a>","Newbz_Axie",0,FALSE,FALSE,NA,NA
"[BBR Interview] with Sky Mavis 
monthly magazine #BBR 
#BlockchainBusinessReview
#NewYear #Jan2022 #SkyMavis… https://t.co/nXFWHsam7l",FALSE,1,NA,2021-12-27 10:53:40,TRUE,NA,"1475419604130615300",NA,"<a href=""http://twitter.com/download/android"" rel=""nofollow"">Twitter for Android</a>","Aliceha_TP",0,FALSE,FALSE,NA,NA
"RT @smallloveaxs: <U+30AA><U+30DF><U+30AF><U+30ED><U+30F3><U+3092><U+5FD8><U+308C><U+3066><U+305F><U+3002>SKYMAVIS<U+304C><U+624B><U+4F1D><U+3063><U+3066><U+304F><U+308C><U+308B><U+305D><U+3046><U+3067><U+3059><U+0001F525><U+0001F525><U+0001F525><U+7D20><U+76F4><U+306B><U+30B3><U+30DF><U+30E5><U+30CB><U+30C6><U+30A3><U+3092><U+898B><U+3066><U+304F><U+308C><U+3066><U+3046><U+308C><U+3057><U+3044><U+3067><U+3059><U+3002><U+263A><U+FE0F>

<U+30AA><U+30D5><U+4F1A><U+306F><U+65B0><U+5E74><U+3092><U+4E88><U+5B9A><U+3057><U+3066><U+3044><U+308B><U+306E><U+3067><U+305C><U+3072><U+697D><U+3057><U+307F><U+306B><U+3057><U+3066><U+304A><U+3044><U+3066><U+304F><U+3060><U+3055><U+3044>! https://t.co/yxOe1wKDIz",FALSE,0,NA,2021-12-27 05:43:45,FALSE,NA,"1475341613467856896",NA,"<a href=""http://twitter.com/download/android"" rel=""nofollow"">Twitter for Android</a>","nakosogi",3,TRUE,FALSE,NA,NA
"@Jihoz_Axie @llevans_axie Always promising that things will be better in the future. Once the future arrives, skyma… https://t.co/tqaw5ZHw1R",FALSE,3,"Jihoz_Axie",2021-12-27 05:05:37,TRUE,"1475236649525301250","1475332014936969218","1009692722976788480","<a href=""http://twitter.com/download/android"" rel=""nofollow"">Twitter for Android</a>","Chee85781708",0,FALSE,FALSE,NA,NA
"@macija97 Imaginate a gente que armó The Elder Scrolls durante años, no me parece difícil conseguir un economista,… https://t.co/XegsoL5XD5",FALSE,1,"macija97",2021-12-27 04:31:42,TRUE,"1475323088141127681","1475323478702235648","179557236","<a href=""https://mobile.twitter.com"" rel=""nofollow"">Twitter Web App</a>","gonzacolo_",0,FALSE,FALSE,NA,NA
"@gonzacolo_ Por eso estoy hiper bull con skymavis pero bueno, todo puede pasar",FALSE,1,"gonzacolo_",2021-12-27 04:30:09,FALSE,"1475322868909158401","1475323088141127681","263813830","<a href=""http://twitter.com/download/iphone"" rel=""nofollow"">Twitter for iPhone</a>","macija97",0,FALSE,FALSE,NA,NA
"RT @smallloveaxs: <U+30AA><U+30DF><U+30AF><U+30ED><U+30F3><U+3092><U+5FD8><U+308C><U+3066><U+305F><U+3002>SKYMAVIS<U+304C><U+624B><U+4F1D><U+3063><U+3066><U+304F><U+308C><U+308B><U+305D><U+3046><U+3067><U+3059><U+0001F525><U+0001F525><U+0001F525><U+7D20><U+76F4><U+306B><U+30B3><U+30DF><U+30E5><U+30CB><U+30C6><U+30A3><U+3092><U+898B><U+3066><U+304F><U+308C><U+3066><U+3046><U+308C><U+3057><U+3044><U+3067><U+3059><U+3002><U+263A><U+FE0F>

<U+30AA><U+30D5><U+4F1A><U+306F><U+65B0><U+5E74><U+3092><U+4E88><U+5B9A><U+3057><U+3066><U+3044><U+308B><U+306E><U+3067><U+305C><U+3072><U+697D><U+3057><U+307F><U+306B><U+3057><U+3066><U+304A><U+3044><U+3066><U+304F><U+3060><U+3055><U+3044>! https://t.co/yxOe1wKDIz",FALSE,0,NA,2021-12-27 02:50:55,FALSE,NA,"1475298115464806406",NA,"<a href=""http://twitter.com/download/iphone"" rel=""nofollow"">Twitter for iPhone</a>","kanakivn",3,TRUE,FALSE,NA,NA
"RT @smallloveaxs: <U+30AA><U+30DF><U+30AF><U+30ED><U+30F3><U+3092><U+5FD8><U+308C><U+3066><U+305F><U+3002>SKYMAVIS<U+304C><U+624B><U+4F1D><U+3063><U+3066><U+304F><U+308C><U+308B><U+305D><U+3046><U+3067><U+3059><U+0001F525><U+0001F525><U+0001F525><U+7D20><U+76F4><U+306B><U+30B3><U+30DF><U+30E5><U+30CB><U+30C6><U+30A3><U+3092><U+898B><U+3066><U+304F><U+308C><U+3066><U+3046><U+308C><U+3057><U+3044><U+3067><U+3059><U+3002><U+263A><U+FE0F>

<U+30AA><U+30D5><U+4F1A><U+306F><U+65B0><U+5E74><U+3092><U+4E88><U+5B9A><U+3057><U+3066><U+3044><U+308B><U+306E><U+3067><U+305C><U+3072><U+697D><U+3057><U+307F><U+306B><U+3057><U+3066><U+304A><U+3044><U+3066><U+304F><U+3060><U+3055><U+3044>! https://t.co/yxOe1wKDIz",FALSE,0,NA,2021-12-27 01:28:14,FALSE,NA,"1475277309489811456",NA,"<a href=""http://twitter.com/download/android"" rel=""nofollow"">Twitter for Android</a>","PoyaoanJoshua",3,TRUE,FALSE,NA,NA
"@gocholive @AxieInfinity Yo solo espero que todos tengan un plato en su mesa en esta navidad gracias a este hermoso… https://t.co/9dal7knNMS",FALSE,3,"gocholive",2021-12-26 19:04:16,TRUE,"1475169881406459913","1475180680296505345","305154991","<a href=""http://twitter.com/download/iphone"" rel=""nofollow"">Twitter for iPhone</a>","Immortal_Axies",0,FALSE,FALSE,NA,NA
"@smallloveaxs SKYMAVIS<U+304C><U+624B><U+4F1D><U+3063><U+3066><U+304F><U+308C><U+308B><U+3063><U+3066><U+3001><U+51C4><U+3059><U+304E><U+307E><U+3059><U+306D><U+3002>",FALSE,0,"smallloveaxs",2021-12-26 16:33:05,FALSE,"1475138672068481028","1475142633983197187","1418193054125608970","<a href=""https://mobile.twitter.com"" rel=""nofollow"">Twitter Web App</a>","Axie_Fujisan",0,FALSE,FALSE,NA,NA
"<U+30AA><U+30DF><U+30AF><U+30ED><U+30F3><U+3092><U+5FD8><U+308C><U+3066><U+305F><U+3002>SKYMAVIS<U+304C><U+624B><U+4F1D><U+3063><U+3066><U+304F><U+308C><U+308B><U+305D><U+3046><U+3067><U+3059><U+0001F525><U+0001F525><U+0001F525><U+7D20><U+76F4><U+306B><U+30B3><U+30DF><U+30E5><U+30CB><U+30C6><U+30A3><U+3092><U+898B><U+3066><U+304F><U+308C><U+3066><U+3046><U+308C><U+3057><U+3044><U+3067><U+3059><U+3002><U+263A><U+FE0F>

<U+30AA><U+30D5><U+4F1A><U+306F><U+65B0><U+5E74><U+3092><U+4E88><U+5B9A><U+3057><U+3066><U+3044><U+308B><U+306E><U+3067><U+305C><U+3072><U+697D><U+3057><U+307F><U+306B><U+3057><U+3066><U+304A><U+3044><U+3066><U+304F><U+3060><U+3055><U+3044>! https://t.co/yxOe1wKDIz",FALSE,50,NA,2021-12-26 16:17:20,FALSE,NA,"1475138672068481028",NA,"<a href=""https://mobile.twitter.com"" rel=""nofollow"">Twitter Web App</a>","smallloveaxs",3,FALSE,FALSE,NA,NA
"@scam_out @brycent_ Aún así donde estaría el problema en que una persona cobre de una empresa (Skymavis) para que l… https://t.co/bCciZfQTOJ",FALSE,0,"scam_out",2021-12-26 15:22:09,TRUE,"1474945646352543749","1475124785323692041","1362019014596198413","<a href=""http://twitter.com/download/iphone"" rel=""nofollow"">Twitter for iPhone</a>","Herd_of_wolves",0,FALSE,FALSE,NA,NA
"@AppleGTR8 @AxieInfinity @brickheads_nft @StakingR @Arronsantos02",FALSE,0,"AppleGTR8",2021-12-26 07:40:03,FALSE,"1474996760934109185","1475008493685936129","1404246806163243009","<a href=""http://twitter.com/download/android"" rel=""nofollow"">Twitter for Android</a>","SkyMavis_",0,FALSE,FALSE,NA,NA
"@AxieInfinity Merry Xmas to you all in SkyMavis! Just keep doing great job, you are amazing! <U+2764><U+FE0F> And dont worry abou… https://t.co/O3yHd9cP6o",FALSE,0,"AxieInfinity",2021-12-25 12:50:40,TRUE,"1474365911784112136","1474724272648163328","957716432430641152","<a href=""http://twitter.com/download/iphone"" rel=""nofollow"">Twitter for iPhone</a>","CryptorizerX",0,FALSE,FALSE,NA,NA
"@cagyjan1 hoping to get choose, this will mean a lot to my oldies parents.. up unti now, freakin skymavis not resol… https://t.co/Q7ReWV2M30",FALSE,0,"cagyjan1",2021-12-25 09:58:10,TRUE,"1474560885347786754","1474680863313268738","903085850115940352","<a href=""http://twitter.com/download/android"" rel=""nofollow"">Twitter for Android</a>","justme11090724",0,FALSE,FALSE,NA,NA
"@Axie_Boss @Joean79423974 Kiwi is directly based on Chrome so it is very similar to Chrome in terms of security pro… https://t.co/p9xaD0Uetw",FALSE,0,"Axie_Boss",2021-12-25 09:46:46,TRUE,"1474493608065527809","1474677992873943040","1425878262958284803","<a href=""https://mobile.twitter.com"" rel=""nofollow"">Twitter Web App</a>","kiwibrowser",0,FALSE,FALSE,NA,NA
"RT @cagyjan1: So is skymavis paying creators or nah? 

Brycent getting an airdrop? I am pretty sure he wasn’t here for the snapshot back in…",FALSE,0,NA,2021-12-25 08:20:17,FALSE,NA,"1474656230904037377",NA,"<a href=""http://twitter.com/download/android"" rel=""nofollow"">Twitter for Android</a>","weakall0999",38,TRUE,FALSE,NA,NA
"@zrialkilla @bow_trix Right. inflation of slp should be expected because of hype. Skymavis already encountered this… https://t.co/GhyRy7FTbu",FALSE,0,"zrialkilla",2021-12-25 06:58:06,TRUE,"1474630100729536513","1474635545812688896","39957294","<a href=""http://twitter.com/download/android"" rel=""nofollow"">Twitter for Android</a>","ItsAnAlphaStage",0,FALSE,FALSE,NA,NA
"@ZyoriTV A part of the community is frustrated by the lack of transparency and dev's oblivion towards the community… https://t.co/ToXORYBNME",FALSE,0,"ZyoriTV",2021-12-25 06:27:41,TRUE,"1474624537396486146","1474627891031805953","217217185","<a href=""http://twitter.com/download/android"" rel=""nofollow"">Twitter for Android</a>","Chee85781708",0,FALSE,FALSE,NA,NA
"RT @BoomerLFG: Tomorrow night I’ll be giving away a bunch of nfts. Some will be good. Some will be… shit. <U+0001F602>

No hoops to jump through, just…",FALSE,0,NA,2021-12-25 06:04:40,FALSE,NA,"1474622098458902528",NA,"<a href=""http://twitter.com/download/android"" rel=""nofollow"">Twitter for Android</a>","SkyMavis_",624,TRUE,FALSE,NA,NA
"@brycent_ Change whose life? Skymavis robbed us of our money with their false positivity and assurances that they h… https://t.co/lgGzaeoDEd",FALSE,3,"brycent_",2021-12-25 05:35:07,TRUE,"1474542993541672962","1474614662872252417","2697947171","<a href=""http://twitter.com/download/android"" rel=""nofollow"">Twitter for Android</a>","Chee85781708",0,FALSE,FALSE,NA,NA
"RT @cagyjan1: So is skymavis paying creators or nah? 

Brycent getting an airdrop? I am pretty sure he wasn’t here for the snapshot back in…",FALSE,0,NA,2021-12-25 04:58:41,FALSE,NA,"1474605496011456514",NA,"<a href=""http://twitter.com/download/android"" rel=""nofollow"">Twitter for Android</a>","delavegamar",38,TRUE,FALSE,NA,NA
"RT @brycent_: For context: On October 2 we hosted the Loot Squad Scholar Showdown.

We awarded 200 AXS to the winners. The entire prize poo…",FALSE,0,NA,2021-12-25 02:38:12,FALSE,NA,"1474570141711351808",NA,"<a href=""http://twitter.com/download/android"" rel=""nofollow"">Twitter for Android</a>","RhaylyneTlntino",10,TRUE,FALSE,NA,NA
"@brycent_ Is fake that you got a seed funding to LootSquad from SkyMavis ppl?",FALSE,0,"brycent_",2021-12-24 22:36:39,FALSE,"1474420478655795217","1474509351339626496","2697947171","<a href=""http://twitter.com/download/android"" rel=""nofollow"">Twitter for Android</a>","guinaaaaa",0,FALSE,FALSE,NA,NA
"RT @cagyjan1: So is skymavis paying creators or nah? 

Brycent getting an airdrop? I am pretty sure he wasn’t here for the snapshot back in…",FALSE,0,NA,2021-12-24 21:24:17,FALSE,NA,"1474491141752233985",NA,"<a href=""http://twitter.com/download/android"" rel=""nofollow"">Twitter for Android</a>","KrisGonzales_14",38,TRUE,FALSE,NA,NA
"@game_marts @cagyjan1 All i see in tweeter from skymavis team are axie sisters dancing, brycent and zyori kissing a… https://t.co/3dtOXtz21K",FALSE,0,"game_marts",2021-12-24 19:48:05,TRUE,"1474433975191932929","1474466931331588103","1436676515026989065","<a href=""http://twitter.com/download/android"" rel=""nofollow"">Twitter for Android</a>","Nozdormu34",0,FALSE,FALSE,NA,NA
"@game_marts @cagyjan1 Its tiring but people wont resort into these if skymavis is doing there jobs properly without… https://t.co/zSJMBRp8vy",FALSE,0,"game_marts",2021-12-24 19:45:42,TRUE,"1474433975191932929","1474466330371784711","1436676515026989065","<a href=""http://twitter.com/download/android"" rel=""nofollow"">Twitter for Android</a>","Nozdormu34",0,FALSE,FALSE,NA,NA
"RT @cagyjan1: So is skymavis paying creators or nah? 

Brycent getting an airdrop? I am pretty sure he wasn’t here for the snapshot back in…",FALSE,0,NA,2021-12-24 18:58:35,FALSE,NA,"1474454474139832325",NA,"<a href=""http://twitter.com/download/android"" rel=""nofollow"">Twitter for Android</a>","cesaradolfogar5",38,TRUE,FALSE,NA,NA
"RT @cagyjan1: So is skymavis paying creators or nah? 

Brycent getting an airdrop? I am pretty sure he wasn’t here for the snapshot back in…",FALSE,0,NA,2021-12-24 18:08:08,FALSE,NA,"1474441779089113088",NA,"<a href=""https://mobile.twitter.com"" rel=""nofollow"">Twitter Web App</a>","tuksoil",38,TRUE,FALSE,NA,NA
"RT @brycent_: For context: On October 2 we hosted the Loot Squad Scholar Showdown.

We awarded 200 AXS to the winners. The entire prize poo…",FALSE,0,NA,2021-12-24 17:14:15,FALSE,NA,"1474428219117998121",NA,"<a href=""http://twitter.com/download/android"" rel=""nofollow"">Twitter for Android</a>","SyedSha81617605",10,TRUE,FALSE,NA,NA
"RT @brycent_: For context: On October 2 we hosted the Loot Squad Scholar Showdown.

We awarded 200 AXS to the winners. The entire prize poo…",FALSE,0,NA,2021-12-24 17:08:53,FALSE,NA,"1474426868313235459",NA,"<a href=""http://twitter.com/download/android"" rel=""nofollow"">Twitter for Android</a>","bryanjayborre",10,TRUE,FALSE,NA,NA
"RT @cagyjan1: So is skymavis paying creators or nah? 

Brycent getting an airdrop? I am pretty sure he wasn’t here for the snapshot back in…",FALSE,0,NA,2021-12-24 17:02:12,FALSE,NA,"1474425184266244097",NA,"<a href=""http://twitter.com/download/android"" rel=""nofollow"">Twitter for Android</a>","CAluartes21",38,TRUE,FALSE,NA,NA
"RT @brycent_: For context: On October 2 we hosted the Loot Squad Scholar Showdown.

We awarded 200 AXS to the winners. The entire prize poo…",FALSE,0,NA,2021-12-24 16:50:17,FALSE,NA,"1474422188841177088",NA,"<a href=""http://twitter.com/download/android"" rel=""nofollow"">Twitter for Android</a>","jaaaaaanjan",10,TRUE,FALSE,NA,NA
"RT @brycent_: For context: On October 2 we hosted the Loot Squad Scholar Showdown.

We awarded 200 AXS to the winners. The entire prize poo…",FALSE,0,NA,2021-12-24 16:48:51,FALSE,NA,"1474421825820307462",NA,"<a href=""http://twitter.com/download/android"" rel=""nofollow"">Twitter for Android</a>","BrokeOnTwice",10,TRUE,FALSE,NA,NA
"RT @brycent_: For context: On October 2 we hosted the Loot Squad Scholar Showdown.

We awarded 200 AXS to the winners. The entire prize poo…",FALSE,0,NA,2021-12-24 16:48:35,FALSE,NA,"1474421759562895361",NA,"<a href=""http://twitter.com/download/android"" rel=""nofollow"">Twitter for Android</a>","boypuso",10,TRUE,FALSE,NA,NA
"RT @brycent_: For context: On October 2 we hosted the Loot Squad Scholar Showdown.

We awarded 200 AXS to the winners. The entire prize poo…",FALSE,0,NA,2021-12-24 16:47:23,FALSE,NA,"1474421458688303107",NA,"<a href=""http://twitter.com/download/android"" rel=""nofollow"">Twitter for Android</a>","PjDellava23",10,TRUE,FALSE,NA,NA
"For context: On October 2 we hosted the Loot Squad Scholar Showdown.

We awarded 200 AXS to the winners. The entire… https://t.co/MOnAgVCwNB",FALSE,55,"brycent_",2021-12-24 16:47:09,TRUE,"1474420478655795217","1474421397996851201","2697947171","<a href=""https://mobile.twitter.com"" rel=""nofollow"">Twitter Web App</a>","brycent_",10,FALSE,FALSE,NA,NA
"@Jihoz_Axie Please fix your Support. Already sent an issue to SkyMavis on hacked and unauthorized gifting of my 4 a… https://t.co/qFgsNsaH7P",FALSE,0,"Jihoz_Axie",2021-12-24 16:28:33,TRUE,"1474394818944155653","1474416716101095424","1009692722976788480","<a href=""http://twitter.com/download/android"" rel=""nofollow"">Twitter for Android</a>","Limuel36139492",0,FALSE,FALSE,NA,NA
"RT @cagyjan1: So is skymavis paying creators or nah? 

Brycent getting an airdrop? I am pretty sure he wasn’t here for the snapshot back in…",FALSE,0,NA,2021-12-24 16:26:06,FALSE,NA,"1474416100704145411",NA,"<a href=""http://twitter.com/download/android"" rel=""nofollow"">Twitter for Android</a>","beforeweforget3",38,TRUE,FALSE,NA,NA
"RT @AxieInfinity: We plan on upgrading this over time!

https://t.co/qyO1Z30VdW https://t.co/Zpn7QxiNvF",FALSE,0,NA,2021-12-24 16:10:45,FALSE,NA,"1474412239989792768",NA,"<a href=""http://twitter.com/download/android"" rel=""nofollow"">Twitter for Android</a>","Adit773676091",149,TRUE,FALSE,NA,NA
"@cagyjan1 I want to receive AXS from skymavis.",FALSE,0,"cagyjan1",2021-12-24 15:29:25,FALSE,"1474258151239299072","1474401835846967453","903085850115940352","<a href=""http://twitter.com/download/android"" rel=""nofollow"">Twitter for Android</a>","dudabra0",0,FALSE,FALSE,NA,NA
"@brycent_ Enjoy those 200 axs that skymavis paid you",FALSE,2,"brycent_",2021-12-24 15:27:52,FALSE,"1474392287534882817","1474401447798358017","2697947171","<a href=""http://twitter.com/download/android"" rel=""nofollow"">Twitter for Android</a>","gabDCE",0,FALSE,FALSE,NA,NA
"@brycent_ I will tweet this also if Skymavis pays me as well",FALSE,0,"brycent_",2021-12-24 15:20:02,FALSE,"1474188420696182791","1474399475565162499","2697947171","<a href=""https://mobile.twitter.com"" rel=""nofollow"">Twitter Web App</a>","pablollamador",0,FALSE,FALSE,NA,NA
"@AxieInfinity Guachooo soy feliz con los axi que me puede comprar estoy más viciados que la mierda los quiero SKYMAVIS",FALSE,0,"AxieInfinity",2021-12-24 14:38:46,FALSE,"1474365911784112136","1474389091449987080","957716432430641152","<a href=""http://twitter.com/download/android"" rel=""nofollow"">Twitter for Android</a>","Juan04462139",0,FALSE,FALSE,NA,NA
"@krstn_xxi @brycent_ 1. He said  ""Loot Squad and myself have never received any AXS from skymavis."" With new eviden… https://t.co/l3oUVOgeEc",FALSE,0,"krstn_xxi",2021-12-24 13:42:20,TRUE,"1474280705291030528","1474374886160228352","1165446668398948352","<a href=""http://twitter.com/download/iphone"" rel=""nofollow"">Twitter for iPhone</a>","Asobs_CNG",0,FALSE,FALSE,NA,NA
"@LimuacoJomer Jomer, I recommend you take time to set up a Ronin wallet prior to applying to scholarships.  Manager… https://t.co/bVRGTmkYfb",FALSE,0,"LimuacoJomer",2021-12-24 13:38:36,TRUE,"1474373205666443267","1474373949282730008","1332169491178872833","<a href=""https://mobile.twitter.com"" rel=""nofollow"">Twitter Web App</a>","OggProgram",0,FALSE,FALSE,NA,NA
"RT @cagyjan1: So is skymavis paying creators or nah? 

Brycent getting an airdrop? I am pretty sure he wasn’t here for the snapshot back in…",FALSE,0,NA,2021-12-24 13:19:40,FALSE,NA,"1474369183190118406",NA,"<a href=""http://twitter.com/download/android"" rel=""nofollow"">Twitter for Android</a>","Dandan36278665",38,TRUE,FALSE,NA,NA
"RT @cagyjan1: So is skymavis paying creators or nah? 

Brycent getting an airdrop? I am pretty sure he wasn’t here for the snapshot back in…",FALSE,0,NA,2021-12-24 12:35:16,FALSE,NA,"1474358011728916480",NA,"<a href=""http://twitter.com/download/android"" rel=""nofollow"">Twitter for Android</a>","ken_salvatin",38,TRUE,FALSE,NA,NA
"RT @cagyjan1: So is skymavis paying creators or nah? 

Brycent getting an airdrop? I am pretty sure he wasn’t here for the snapshot back in…",FALSE,0,NA,2021-12-24 12:05:55,FALSE,NA,"1474350623294619651",NA,"<a href=""http://twitter.com/download/iphone"" rel=""nofollow"">Twitter for iPhone</a>","nikkokwela",38,TRUE,FALSE,NA,NA
"RT @cagyjan1: So is skymavis paying creators or nah? 

Brycent getting an airdrop? I am pretty sure he wasn’t here for the snapshot back in…",FALSE,0,NA,2021-12-24 11:14:46,FALSE,NA,"1474337753160630272",NA,"<a href=""http://twitter.com/download/android"" rel=""nofollow"">Twitter for Android</a>","DennisK18480860",38,TRUE,FALSE,NA,NA
"@cagyjan1 I support you bro. Keep up the good work. Its unfortunate that it has to come to this, but hopefully with… https://t.co/L1LrdXFBgM",FALSE,0,"cagyjan1",2021-12-24 10:56:53,TRUE,"1474263716782825488","1474333251888029704","903085850115940352","<a href=""http://twitter.com/download/android"" rel=""nofollow"">Twitter for Android</a>","Chee85781708",0,FALSE,FALSE,NA,NA
"@NaughtyNome @cagyjan1 Are you confident land will fix the tokenomics of this game? They only have 1 shot to fix it… https://t.co/YIIfCp5eBA",FALSE,2,"NaughtyNome",2021-12-24 10:48:48,TRUE,"1474301172978798594","1474331218011324418","879087652213063680","<a href=""http://twitter.com/download/android"" rel=""nofollow"">Twitter for Android</a>","Nozdormu34",0,FALSE,FALSE,NA,NA
"@Lord_Wilmore1 @jih930809 @cagyjan1 2/2 cos server is laggy unplayable. Plus aqua got nerfed recently. They are not… https://t.co/xJXqEJoDnT",FALSE,1,"Lord_Wilmore1",2021-12-24 10:39:31,TRUE,"1474326430909710360","1474328882488627204","854341874819248128","<a href=""http://twitter.com/download/android"" rel=""nofollow"">Twitter for Android</a>","Nozdormu34",0,FALSE,FALSE,NA,NA
"@JDHyper @AxieInfinity Astounds me that the skymavis team doesn't provide the community with this much needed expla… https://t.co/yBVpBaz6pG",FALSE,1,"JDHyper",2021-12-24 10:37:16,TRUE,"1474102909621125121","1474328313648713730","1332884724","<a href=""http://twitter.com/download/android"" rel=""nofollow"">Twitter for Android</a>","Chee85781708",0,FALSE,FALSE,NA,NA
"RT @cagyjan1: So is skymavis paying creators or nah? 

Brycent getting an airdrop? I am pretty sure he wasn’t here for the snapshot back in…",FALSE,0,NA,2021-12-24 10:36:06,FALSE,NA,"1474328022757306372",NA,"<a href=""http://twitter.com/download/android"" rel=""nofollow"">Twitter for Android</a>","rovicsumagwapo",38,TRUE,FALSE,NA,NA
"RT @cagyjan1: So is skymavis paying creators or nah? 

Brycent getting an airdrop? I am pretty sure he wasn’t here for the snapshot back in…",FALSE,0,NA,2021-12-24 09:51:59,FALSE,NA,"1474316920375500804",NA,"<a href=""http://twitter.com/download/android"" rel=""nofollow"">Twitter for Android</a>","Poypoy15790375",38,TRUE,FALSE,NA,NA
"RT @cagyjan1: So is skymavis paying creators or nah? 

Brycent getting an airdrop? I am pretty sure he wasn’t here for the snapshot back in…",FALSE,0,NA,2021-12-24 09:08:26,FALSE,NA,"1474305959103287316",NA,"<a href=""https://www.integromat.com"" rel=""nofollow"">Integromat</a>","cryptonairesus",38,TRUE,FALSE,NA,NA
"RT @HARU_kasotsuka: <U+305F><U+304F><U+3055><U+3093><U+306E><U+3054><U+5FDC><U+52DF><U+3042><U+308A><U+304C><U+3068><U+3046><U+3054><U+3056><U+3044><U+307E><U+3059>!<U+263A><U+FE0F><U+2728>

<U+30A2><U+30AF><U+30B7><U+30FC><U+30D7><U+30EC><U+30BC><U+30F3><U+30C8><U+306B><U+5FDC><U+52DF><U+3055><U+308C><U+308B><U+65B9><U+3067><U+3001>AxieInfinity<U+306E><U+30A2><U+30AB><U+30A6><U+30F3><U+30C8><U+3092><U+6301><U+3063><U+3066><U+306A><U+3044><U+4EBA><U+306F><U+3001><U+4F5C><U+3063><U+3066><U+304A><U+3044><U+3066><U+304F><U+3060><U+3055><U+3044><U+306D><U+301C>!

<U+0001F53D><U+30B9><U+30BF><U+30FC><U+30BF><U+30FC><U+30AC><U+30A4><U+30C9><U+0001F53D> https://t.co/yl32OWUsIh",FALSE,0,NA,2021-12-24 08:57:58,FALSE,NA,"1474303325118287879",NA,"<a href=""http://twitter.com/download/android"" rel=""nofollow"">Twitter for Android</a>","HARU_kasotsuka",4,TRUE,FALSE,NA,NA
"RT @AxieInfinity: We plan on upgrading this over time!

https://t.co/qyO1Z30VdW https://t.co/Zpn7QxiNvF",FALSE,0,NA,2021-12-24 08:57:17,FALSE,NA,"1474303153487368192",NA,"<a href=""http://twitter.com/download/android"" rel=""nofollow"">Twitter for Android</a>","Akachan72842439",149,TRUE,FALSE,NA,NA
"RT @cagyjan1: So is skymavis paying creators or nah? 

Brycent getting an airdrop? I am pretty sure he wasn’t here for the snapshot back in…",FALSE,0,NA,2021-12-24 08:51:19,FALSE,NA,"1474301652051972098",NA,"<a href=""https://mobile.twitter.com"" rel=""nofollow"">Twitter Web App</a>","rommelsembrano1",38,TRUE,FALSE,NA,NA
"RT @cagyjan1: So is skymavis paying creators or nah? 

Brycent getting an airdrop? I am pretty sure he wasn’t here for the snapshot back in…",FALSE,0,NA,2021-12-24 08:25:16,FALSE,NA,"1474295094622797824",NA,"<a href=""http://twitter.com/download/android"" rel=""nofollow"">Twitter for Android</a>","caoile0718",38,TRUE,FALSE,NA,NA
"RT @cagyjan1: So is skymavis paying creators or nah? 

Brycent getting an airdrop? I am pretty sure he wasn’t here for the snapshot back in…",FALSE,0,NA,2021-12-24 08:12:27,FALSE,NA,"1474291869081235460",NA,"<a href=""http://twitter.com/download/android"" rel=""nofollow"">Twitter for Android</a>","ArtsMythrel",38,TRUE,FALSE,NA,NA
"RT @cagyjan1: So is skymavis paying creators or nah? 

Brycent getting an airdrop? I am pretty sure he wasn’t here for the snapshot back in…",FALSE,0,NA,2021-12-24 07:45:57,FALSE,NA,"1474285199337078789",NA,"<a href=""http://twitter.com/download/android"" rel=""nofollow"">Twitter for Android</a>","ErickJarabe",38,TRUE,FALSE,NA,NA
"RT @cagyjan1: So is skymavis paying creators or nah? 

Brycent getting an airdrop? I am pretty sure he wasn’t here for the snapshot back in…",FALSE,0,NA,2021-12-24 07:36:32,FALSE,NA,"1474282830255456257",NA,"<a href=""http://twitter.com/download/android"" rel=""nofollow"">Twitter for Android</a>","Gerlyn63660669",38,TRUE,FALSE,NA,NA
"@Kenseiden @ZyoriTV mega nega as always that skymavis team",FALSE,0,"Kenseiden",2021-12-24 07:12:08,FALSE,"1474062585423142919","1474276689907970052","36179998","<a href=""http://twitter.com/download/android"" rel=""nofollow"">Twitter for Android</a>","mykosss",0,FALSE,FALSE,NA,NA
"@attack_on_axie good luck, i stopped when skymavis banned our axies and ADMITTING commiting errors in use of algori… https://t.co/ANDylBewow",FALSE,0,"attack_on_axie",2021-12-24 07:06:48,TRUE,"1474226144597909504","1474275349840429056","1432362120599859205","<a href=""http://twitter.com/download/android"" rel=""nofollow"">Twitter for Android</a>","mykosss",0,FALSE,FALSE,NA,NA
"RT @cagyjan1: So is skymavis paying creators or nah? 

Brycent getting an airdrop? I am pretty sure he wasn’t here for the snapshot back in…",FALSE,0,NA,2021-12-24 06:59:43,FALSE,NA,"1474273568020381703",NA,"<a href=""http://twitter.com/download/android"" rel=""nofollow"">Twitter for Android</a>","ricgonzales14",38,TRUE,FALSE,NA,NA
"RT @cagyjan1: So is skymavis paying creators or nah? 

Brycent getting an airdrop? I am pretty sure he wasn’t here for the snapshot back in…",FALSE,0,NA,2021-12-24 06:49:42,FALSE,NA,"1474271046098296832",NA,"<a href=""http://twitter.com/download/android"" rel=""nofollow"">Twitter for Android</a>","ICesar05",38,TRUE,FALSE,NA,NA
"RT @cagyjan1: So is skymavis paying creators or nah? 

Brycent getting an airdrop? I am pretty sure he wasn’t here for the snapshot back in…",FALSE,0,NA,2021-12-24 06:49:17,FALSE,NA,"1474270940175691780",NA,"<a href=""http://twitter.com/download/android"" rel=""nofollow"">Twitter for Android</a>","papapurpur",38,TRUE,FALSE,NA,NA
"RT @AxieInfinity: We plan on upgrading this over time!

https://t.co/qyO1Z30VdW https://t.co/Zpn7QxiNvF",FALSE,0,NA,2021-12-24 06:47:03,FALSE,NA,"1474270379975786497",NA,"<a href=""http://twitter.com/download/android"" rel=""nofollow"">Twitter for Android</a>","Oscarz8_",149,TRUE,FALSE,NA,NA
"RT @cagyjan1: So is skymavis paying creators or nah? 

Brycent getting an airdrop? I am pretty sure he wasn’t here for the snapshot back in…",FALSE,0,NA,2021-12-24 06:46:44,FALSE,NA,"1474270300359430151",NA,"<a href=""http://twitter.com/download/android"" rel=""nofollow"">Twitter for Android</a>","mr_pandesal1993",38,TRUE,FALSE,NA,NA
"RT @cagyjan1: So is skymavis paying creators or nah? 

Brycent getting an airdrop? I am pretty sure he wasn’t here for the snapshot back in…",FALSE,0,NA,2021-12-24 06:41:05,FALSE,NA,"1474268878985302016",NA,"<a href=""https://mobile.twitter.com"" rel=""nofollow"">Twitter Web App</a>","Claineytwit",38,TRUE,FALSE,NA,NA
"RT @cagyjan1: So is skymavis paying creators or nah? 

Brycent getting an airdrop? I am pretty sure he wasn’t here for the snapshot back in…",FALSE,0,NA,2021-12-24 06:40:41,FALSE,NA,"1474268777986785282",NA,"<a href=""http://twitter.com/download/android"" rel=""nofollow"">Twitter for Android</a>","Amerhus67739449",38,TRUE,FALSE,NA,NA
"RT @cagyjan1: So is skymavis paying creators or nah? 

Brycent getting an airdrop? I am pretty sure he wasn’t here for the snapshot back in…",FALSE,0,NA,2021-12-24 06:29:09,FALSE,NA,"1474265872868990990",NA,"<a href=""http://twitter.com/download/android"" rel=""nofollow"">Twitter for Android</a>","F4tG4m1ng",38,TRUE,FALSE,NA,NA
"@cagyjan1 No problem, we have a new Japanese part search engine, while the game is always lagging. Unbelievable, Sk… https://t.co/pdTeCGFaq0",FALSE,0,"cagyjan1",2021-12-24 06:27:59,TRUE,"1474146896994316292","1474265581994057731","903085850115940352","<a href=""http://twitter.com/download/android"" rel=""nofollow"">Twitter for Android</a>","SharkCraft7",0,FALSE,FALSE,NA,NA
"@brycent_ so you have been paid by skymavis to talk bullshit things <U+0001F928>
yare yare",FALSE,2,"brycent_",2021-12-24 05:54:36,FALSE,"1474188420696182791","1474257179301785606","2697947171","<a href=""http://twitter.com/download/android"" rel=""nofollow"">Twitter for Android</a>","Sephiroth___007",0,FALSE,FALSE,NA,NA
"@cagyjan1 @CryptoKing_NFT Naah man looks like the 200 axs was used to pay for the 200 axs torny they did the day af… https://t.co/VFP2OdaF5c",FALSE,3,"cagyjan1",2021-12-24 05:51:18,TRUE,"1474251897192263692","1474256346866462728","903085850115940352","<a href=""http://twitter.com/download/android"" rel=""nofollow"">Twitter for Android</a>","luismiguel155",0,FALSE,FALSE,NA,NA
"RT @cagyjan1: So is skymavis paying creators or nah? 

Brycent getting an airdrop? I am pretty sure he wasn’t here for the snapshot back in…",FALSE,0,NA,2021-12-24 05:49:16,FALSE,NA,"1474255835471638529",NA,"<a href=""https://mobile.twitter.com"" rel=""nofollow"">Twitter Web App</a>","AxieCCM",38,TRUE,FALSE,NA,NA
"@brycent_ You're being paid by skymavis ... All You said is because they pay you",FALSE,21,"brycent_",2021-12-24 05:49:09,FALSE,"1474188420696182791","1474255809416736788","2697947171","<a href=""http://twitter.com/download/android"" rel=""nofollow"">Twitter for Android</a>","gabDCE",0,FALSE,FALSE,NA,NA
"RT @cagyjan1: So is skymavis paying creators or nah? 

Brycent getting an airdrop? I am pretty sure he wasn’t here for the snapshot back in…",FALSE,0,NA,2021-12-24 05:47:00,FALSE,NA,"1474255268129099776",NA,"<a href=""https://mobile.twitter.com"" rel=""nofollow"">Twitter Web App</a>","King3than24",38,TRUE,FALSE,NA,NA
"RT @cagyjan1: So is skymavis paying creators or nah? 

Brycent getting an airdrop? I am pretty sure he wasn’t here for the snapshot back in…",FALSE,0,NA,2021-12-24 05:46:47,FALSE,NA,"1474255210931318785",NA,"<a href=""http://twitter.com/download/android"" rel=""nofollow"">Twitter for Android</a>","rnaiul",38,TRUE,FALSE,NA,NA
"RT @cagyjan1: So is skymavis paying creators or nah? 

Brycent getting an airdrop? I am pretty sure he wasn’t here for the snapshot back in…",FALSE,0,NA,2021-12-24 05:46:28,FALSE,NA,"1474255132095397890",NA,"<a href=""https://mobile.twitter.com"" rel=""nofollow"">Twitter Web App</a>","Nondy119",38,TRUE,FALSE,NA,NA
"RT @cagyjan1: So is skymavis paying creators or nah? 

Brycent getting an airdrop? I am pretty sure he wasn’t here for the snapshot back in…",FALSE,0,NA,2021-12-24 05:45:45,FALSE,NA,"1474254951593684996",NA,"<a href=""http://twitter.com/download/iphone"" rel=""nofollow"">Twitter for iPhone</a>","Sihtric12",38,TRUE,FALSE,NA,NA
"RT @cagyjan1: So is skymavis paying creators or nah? 

Brycent getting an airdrop? I am pretty sure he wasn’t here for the snapshot back in…",FALSE,0,NA,2021-12-24 05:44:26,FALSE,NA,"1474254621476798469",NA,"<a href=""http://twitter.com/download/android"" rel=""nofollow"">Twitter for Android</a>","french0723",38,TRUE,FALSE,NA,NA
"RT @cagyjan1: So is skymavis paying creators or nah? 

Brycent getting an airdrop? I am pretty sure he wasn’t here for the snapshot back in…",FALSE,0,NA,2021-12-24 05:42:46,FALSE,NA,"1474254201173659650",NA,"<a href=""http://twitter.com/download/android"" rel=""nofollow"">Twitter for Android</a>","MDogilab",38,TRUE,FALSE,NA,NA
"RT @cagyjan1: So is skymavis paying creators or nah? 

Brycent getting an airdrop? I am pretty sure he wasn’t here for the snapshot back in…",FALSE,0,NA,2021-12-24 05:40:35,FALSE,NA,"1474253649866297346",NA,"<a href=""http://twitter.com/download/android"" rel=""nofollow"">Twitter for Android</a>","ReignMj",38,TRUE,FALSE,NA,NA
"RT @cagyjan1: So is skymavis paying creators or nah? 

Brycent getting an airdrop? I am pretty sure he wasn’t here for the snapshot back in…",FALSE,0,NA,2021-12-24 05:39:49,FALSE,NA,"1474253460480483328",NA,"<a href=""https://mobile.twitter.com"" rel=""nofollow"">Twitter Web App</a>","nft_dy",38,TRUE,FALSE,NA,NA
"RT @cagyjan1: So is skymavis paying creators or nah? 

Brycent getting an airdrop? I am pretty sure he wasn’t here for the snapshot back in…",FALSE,0,NA,2021-12-24 05:34:09,FALSE,NA,"1474252030931869698",NA,"<a href=""http://twitter.com/download/android"" rel=""nofollow"">Twitter for Android</a>","cryptotabafflte",38,TRUE,FALSE,NA,NA
"RT @cagyjan1: So is skymavis paying creators or nah? 

Brycent getting an airdrop? I am pretty sure he wasn’t here for the snapshot back in…",FALSE,0,NA,2021-12-24 05:33:59,FALSE,NA,"1474251992415764482",NA,"<a href=""http://twitter.com/download/android"" rel=""nofollow"">Twitter for Android</a>","jenielaaa",38,TRUE,FALSE,NA,NA
"So is skymavis paying creators or nah? 

Brycent getting an airdrop? I am pretty sure he wasn’t here for the snapsh… https://t.co/Q98i4kPWP5",FALSE,195,NA,2021-12-24 05:33:37,TRUE,NA,"1474251897192263692",NA,"<a href=""http://twitter.com/download/iphone"" rel=""nofollow"">Twitter for iPhone</a>","cagyjan1",38,FALSE,FALSE,NA,NA
"@brycent_ @LootSquadGG LOL WHAT A YEAR HAS IT BEEN. YOUR LOOTSQUAD RECEIVING AXS FROM SKYMAVIS GROUP. POSITIVE TOXI… https://t.co/lKblDnRPJs",FALSE,0,"brycent_",2021-12-24 05:27:00,TRUE,"1474233879561179141","1474250234590949376","2697947171","<a href=""http://twitter.com/download/android"" rel=""nofollow"">Twitter for Android</a>","GoodieMing2x",0,FALSE,FALSE,NA,NA
"@Jim39477461 @brycent_ @ZyoriTV I saw a video about this. I wish skymavis would also send me 200AXS so I can also be bullish on axie.",FALSE,2,"Jim39477461",2021-12-24 04:58:15,FALSE,"1474236486409089026","1474242999194320897","1169280055945490432","<a href=""http://twitter.com/download/android"" rel=""nofollow"">Twitter for Android</a>","Sparkbender01",0,FALSE,FALSE,NA,NA
"@brycent_ Cuz you are being paid by skymavis. LOL",FALSE,10,"brycent_",2021-12-24 04:51:22,FALSE,"1474188420696182791","1474241266695110657","2697947171","<a href=""http://twitter.com/download/android"" rel=""nofollow"">Twitter for Android</a>","Sparkbender01",0,FALSE,FALSE,NA,NA
"RT @AxieInfinity: We plan on upgrading this over time!

https://t.co/qyO1Z30VdW https://t.co/Zpn7QxiNvF",FALSE,0,NA,2021-12-24 00:53:08,FALSE,NA,"1474181310386114574",NA,"<a href=""http://twitter.com/download/android"" rel=""nofollow"">Twitter for Android</a>","MackDaria1",149,TRUE,FALSE,NA,NA
"@cagyjan1 Skymavis should hire this guy. <U+0001F4AF><U+0001F4AF><U+0001F4AF>",FALSE,1,"cagyjan1",2021-12-23 22:51:19,FALSE,"1474148816177799169","1474150655044780032","903085850115940352","<a href=""http://twitter.com/download/android"" rel=""nofollow"">Twitter for Android</a>","ppatrickJMN",0,FALSE,FALSE,NA,NA
"RT @MrGD06465141: @AxieInfinity The future is bright. The future is Skymavis <U+0001F938><U+200D><U+2642><U+FE0F><U+0001F60A><U+0001F938><U+200D><U+2642><U+FE0F><U+0001F37E>",FALSE,0,NA,2021-12-23 22:42:30,FALSE,NA,"1474148438418026496",NA,"<a href=""http://twitter.com/download/android"" rel=""nofollow"">Twitter for Android</a>","Arjhun95677195",2,TRUE,FALSE,NA,NA
"@DrpantsTV Ofcourse it is skymavis's fault.

1) Game was marketed as P2E
2) Jiho brag about scholar making more tha… https://t.co/leXtX5rGuq",FALSE,0,"DrpantsTV",2021-12-23 18:38:52,TRUE,"1474085638584471558","1474087124571881473","713583078","<a href=""http://twitter.com/download/android"" rel=""nofollow"">Twitter for Android</a>","Chee85781708",0,FALSE,FALSE,NA,NA
"RT @AxieInfinity: We plan on upgrading this over time!

https://t.co/qyO1Z30VdW https://t.co/Zpn7QxiNvF",FALSE,0,NA,2021-12-23 17:17:12,FALSE,NA,"1474066571555328003",NA,"<a href=""http://twitter.com/download/android"" rel=""nofollow"">Twitter for Android</a>","BangHjr",149,TRUE,FALSE,NA,NA
"RT @AxieInfinity: We plan on upgrading this over time!

https://t.co/qyO1Z30VdW https://t.co/Zpn7QxiNvF",FALSE,0,NA,2021-12-23 15:54:00,FALSE,NA,"1474045633619054600",NA,"<a href=""https://mobile.twitter.com"" rel=""nofollow"">Twitter Web App</a>","Rhart_ono",149,TRUE,FALSE,NA,NA
"@baronar_nft @Jihoz_Axie @SkyMavisHQ @AxieInfinity I don't mind buying senseless in-game items so long as the game… https://t.co/TfVKJHUIOl",FALSE,4,"baronar_nft",2021-12-23 15:13:52,TRUE,"1474014788564967433","1474035533399543808","1259974319771283456","<a href=""https://mobile.twitter.com"" rel=""nofollow"">Twitter Web App</a>","marvhenzxx",0,FALSE,FALSE,NA,NA
"RT @AxieInfinity: We plan on upgrading this over time!

https://t.co/qyO1Z30VdW https://t.co/Zpn7QxiNvF",FALSE,0,NA,2021-12-23 14:49:14,FALSE,NA,"1474029337876004864",NA,"<a href=""http://twitter.com/download/android"" rel=""nofollow"">Twitter for Android</a>","BonifacioCordo2",149,TRUE,FALSE,NA,NA
"RT @AxieInfinity: We plan on upgrading this over time!

https://t.co/qyO1Z30VdW https://t.co/Zpn7QxiNvF",FALSE,0,NA,2021-12-23 13:41:04,FALSE,NA,"1474012180781486081",NA,"<a href=""https://dlvrit.com/"" rel=""nofollow"">dlvr.it</a>","dengitytinfo",149,TRUE,FALSE,NA,NA
"RT @AxieInfinity: We plan on upgrading this over time!

https://t.co/qyO1Z30VdW https://t.co/Zpn7QxiNvF",FALSE,0,NA,2021-12-23 13:06:55,FALSE,NA,"1474003585104941057",NA,"<a href=""http://twitter.com/download/iphone"" rel=""nofollow"">Twitter for iPhone</a>","AxieThailand",149,TRUE,FALSE,NA,NA
"@bestaxies @AxieInfinity Please be mindful of your words. Many people lost alot of money, as a result of being misl… https://t.co/2rGeMbnqnL",FALSE,8,"bestaxies",2021-12-23 12:05:53,TRUE,"1473985826950467585","1473988227635707904","1372558886478168065","<a href=""http://twitter.com/download/android"" rel=""nofollow"">Twitter for Android</a>","Chee85781708",0,FALSE,FALSE,NA,NA
"RT @AxieInfinity: We plan on upgrading this over time!

https://t.co/qyO1Z30VdW https://t.co/Zpn7QxiNvF",FALSE,0,NA,2021-12-23 12:04:12,FALSE,NA,"1473987803809820675",NA,"<a href=""http://twitter.com/download/android"" rel=""nofollow"">Twitter for Android</a>","EduardoLopez_1",149,TRUE,FALSE,NA,NA
"@ZyoriTV Terminaron dejándonos un pésimo fin de año,  mal ahi skymavis",FALSE,1,"ZyoriTV",2021-12-23 11:55:06,FALSE,"1473983737708883968","1473985515993157636","217217185","<a href=""http://twitter.com/download/android"" rel=""nofollow"">Twitter for Android</a>","Luchote_cipo",0,FALSE,FALSE,NA,NA
"RT @AxieInfinity: We plan on upgrading this over time!

https://t.co/qyO1Z30VdW https://t.co/Zpn7QxiNvF",FALSE,0,NA,2021-12-23 11:44:31,FALSE,NA,"1473982849963462657",NA,"<a href=""https://mobile.twitter.com"" rel=""nofollow"">Twitter Web App</a>","LoveAxies",149,TRUE,FALSE,NA,NA
"RT @AxieInfinity: We plan on upgrading this over time!

https://t.co/qyO1Z30VdW https://t.co/Zpn7QxiNvF",FALSE,0,NA,2021-12-23 11:38:18,FALSE,NA,"1473981287807344644",NA,"<a href=""http://twitter.com/download/android"" rel=""nofollow"">Twitter for Android</a>","ID_Guild",149,TRUE,FALSE,NA,NA
"RT @AxieInfinity: We plan on upgrading this over time!

https://t.co/qyO1Z30VdW https://t.co/Zpn7QxiNvF",FALSE,0,NA,2021-12-23 11:36:23,FALSE,NA,"1473980804250353666",NA,"<a href=""http://twitter.com/download/android"" rel=""nofollow"">Twitter for Android</a>","GlenFredMangi",149,TRUE,FALSE,NA,NA
"RT @AxieInfinity: We plan on upgrading this over time!

https://t.co/qyO1Z30VdW https://t.co/Zpn7QxiNvF",FALSE,0,NA,2021-12-23 11:34:37,FALSE,NA,"1473980358664155137",NA,"<a href=""http://twitter.com/download/android"" rel=""nofollow"">Twitter for Android</a>","evamay_sayson",149,TRUE,FALSE,NA,NA
"RT @AxieInfinity: We plan on upgrading this over time!

https://t.co/qyO1Z30VdW https://t.co/Zpn7QxiNvF",FALSE,0,NA,2021-12-23 11:33:13,FALSE,NA,"1473980005935947784",NA,"<a href=""http://twitter.com/download/iphone"" rel=""nofollow"">Twitter for iPhone</a>","crypt0purposes",149,TRUE,FALSE,NA,NA
"RT @AxieInfinity: We plan on upgrading this over time!

https://t.co/qyO1Z30VdW https://t.co/Zpn7QxiNvF",FALSE,0,NA,2021-12-23 11:28:02,FALSE,NA,"1473978700274167812",NA,"<a href=""http://twitter.com/download/android"" rel=""nofollow"">Twitter for Android</a>","Bosku53055993",149,TRUE,FALSE,NA,NA
"RT @AxieInfinity: We plan on upgrading this over time!

https://t.co/qyO1Z30VdW https://t.co/Zpn7QxiNvF",FALSE,0,NA,2021-12-23 11:09:53,FALSE,NA,"1473974136653238272",NA,"<a href=""http://twitter.com/download/android"" rel=""nofollow"">Twitter for Android</a>","neilwlzn",149,TRUE,FALSE,NA,NA
"RT @AxieInfinity: We plan on upgrading this over time!

https://t.co/qyO1Z30VdW https://t.co/Zpn7QxiNvF",FALSE,0,NA,2021-12-23 10:51:40,FALSE,NA,"1473969549158805505",NA,"<a href=""http://twitter.com/download/android"" rel=""nofollow"">Twitter for Android</a>","SorVichey",149,TRUE,FALSE,NA,NA
"RT @AxieInfinity: We plan on upgrading this over time!

https://t.co/qyO1Z30VdW https://t.co/Zpn7QxiNvF",FALSE,0,NA,2021-12-23 10:10:19,FALSE,NA,"1473959142704377857",NA,"<a href=""http://twitter.com/download/android"" rel=""nofollow"">Twitter for Android</a>","Gaurav36652700",149,TRUE,FALSE,NA,NA
"RT @AxieInfinity: We plan on upgrading this over time!

https://t.co/qyO1Z30VdW https://t.co/Zpn7QxiNvF",FALSE,0,NA,2021-12-23 09:44:07,FALSE,NA,"1473952551758442497",NA,"<a href=""http://twitter.com/download/android"" rel=""nofollow"">Twitter for Android</a>","dol_david",149,TRUE,FALSE,NA,NA
"RT @AxieInfinity: We plan on upgrading this over time!

https://t.co/qyO1Z30VdW https://t.co/Zpn7QxiNvF",FALSE,0,NA,2021-12-23 09:31:51,FALSE,NA,"1473949465438343169",NA,"<a href=""http://twitter.com/download/android"" rel=""nofollow"">Twitter for Android</a>","NoeOrdoez12",149,TRUE,FALSE,NA,NA
"RT @AxieInfinity: We plan on upgrading this over time!

https://t.co/qyO1Z30VdW https://t.co/Zpn7QxiNvF",FALSE,0,NA,2021-12-23 09:04:45,FALSE,NA,"1473942644586053635",NA,"<a href=""http://twitter.com/download/android"" rel=""nofollow"">Twitter for Android</a>","AlbhieTV",149,TRUE,FALSE,NA,NA
"RT @AxieInfinity: We plan on upgrading this over time!

https://t.co/qyO1Z30VdW https://t.co/Zpn7QxiNvF",FALSE,0,NA,2021-12-23 09:04:04,FALSE,NA,"1473942473475239937",NA,"<a href=""http://twitter.com/download/android"" rel=""nofollow"">Twitter for Android</a>","CeynAmbi",149,TRUE,FALSE,NA,NA
"RT @AxieInfinity: We plan on upgrading this over time!

https://t.co/qyO1Z30VdW https://t.co/Zpn7QxiNvF",FALSE,0,NA,2021-12-23 08:29:23,FALSE,NA,"1473933745111642113",NA,"<a href=""http://twitter.com/download/android"" rel=""nofollow"">Twitter for Android</a>","SumairaShakeel5",149,TRUE,FALSE,NA,NA
"RT @AxieInfinity: We plan on upgrading this over time!

https://t.co/qyO1Z30VdW https://t.co/Zpn7QxiNvF",FALSE,0,NA,2021-12-23 08:24:07,FALSE,NA,"1473932418910658562",NA,"<a href=""http://twitter.com/download/android"" rel=""nofollow"">Twitter for Android</a>","Lucid_United",149,TRUE,FALSE,NA,NA
"RT @AxieInfinity: We plan on upgrading this over time!

https://t.co/qyO1Z30VdW https://t.co/Zpn7QxiNvF",FALSE,0,NA,2021-12-23 07:59:23,FALSE,NA,"1473926193497923584",NA,"<a href=""http://twitter.com/download/android"" rel=""nofollow"">Twitter for Android</a>","hulyacinokur",149,TRUE,FALSE,NA,NA
"RT @AxieInfinity: We plan on upgrading this over time!

https://t.co/qyO1Z30VdW https://t.co/Zpn7QxiNvF",FALSE,0,NA,2021-12-23 07:41:35,FALSE,NA,"1473921715138875392",NA,"<a href=""http://twitter.com/download/android"" rel=""nofollow"">Twitter for Android</a>","iamberikyut",149,TRUE,FALSE,NA,NA
"RT @AxieInfinity: We plan on upgrading this over time!

https://t.co/qyO1Z30VdW https://t.co/Zpn7QxiNvF",FALSE,0,NA,2021-12-23 06:54:26,FALSE,NA,"1473909848043626499",NA,"<a href=""http://twitter.com/download/android"" rel=""nofollow"">Twitter for Android</a>","Roozbeh59282072",149,TRUE,FALSE,NA,NA
"RT @AxieInfinity: We plan on upgrading this over time!

https://t.co/qyO1Z30VdW https://t.co/Zpn7QxiNvF",FALSE,0,NA,2021-12-23 06:35:21,FALSE,NA,"1473905045829656577",NA,"<a href=""http://twitter.com/download/android"" rel=""nofollow"">Twitter for Android</a>","Londok40426298",149,TRUE,FALSE,NA,NA
"RT @AxieInfinity: We plan on upgrading this over time!

https://t.co/qyO1Z30VdW https://t.co/Zpn7QxiNvF",FALSE,0,NA,2021-12-23 06:26:00,FALSE,NA,"1473902692166946817",NA,"<a href=""http://twitter.com/download/android"" rel=""nofollow"">Twitter for Android</a>","diocares24",149,TRUE,FALSE,NA,NA
"RT @AxieInfinity: We plan on upgrading this over time!

https://t.co/qyO1Z30VdW https://t.co/Zpn7QxiNvF",FALSE,0,NA,2021-12-23 05:33:03,FALSE,NA,"1473889367647141888",NA,"<a href=""http://twitter.com/download/android"" rel=""nofollow"">Twitter for Android</a>","Mariano91665199",149,TRUE,FALSE,NA,NA
"RT @AxieInfinity: We plan on upgrading this over time!

https://t.co/qyO1Z30VdW https://t.co/Zpn7QxiNvF",FALSE,0,NA,2021-12-23 05:29:01,FALSE,NA,"1473888351115571200",NA,"<a href=""http://twitter.com/download/iphone"" rel=""nofollow"">Twitter for iPhone</a>","OneEYE1007",149,TRUE,FALSE,NA,NA
"RT @AxieInfinity: We plan on upgrading this over time!

https://t.co/qyO1Z30VdW https://t.co/Zpn7QxiNvF",FALSE,0,NA,2021-12-23 05:26:23,FALSE,NA,"1473887691603210241",NA,"<a href=""http://twitter.com/download/android"" rel=""nofollow"">Twitter for Android</a>","GilbertAngel06",149,TRUE,FALSE,NA,NA
"RT @AxieInfinity: We plan on upgrading this over time!

https://t.co/qyO1Z30VdW https://t.co/Zpn7QxiNvF",FALSE,0,NA,2021-12-23 05:21:50,FALSE,NA,"1473886545635844097",NA,"<a href=""http://twitter.com/download/android"" rel=""nofollow"">Twitter for Android</a>","ReaLotusClan",149,TRUE,FALSE,NA,NA
"RT @AxieInfinity: We plan on upgrading this over time!

https://t.co/qyO1Z30VdW https://t.co/Zpn7QxiNvF",FALSE,0,NA,2021-12-23 05:20:30,FALSE,NA,"1473886209512382464",NA,"<a href=""http://twitter.com/download/android"" rel=""nofollow"">Twitter for Android</a>","WilsonHilaga",149,TRUE,FALSE,NA,NA
"RT @AxieInfinity: We plan on upgrading this over time!

https://t.co/qyO1Z30VdW https://t.co/Zpn7QxiNvF",FALSE,0,NA,2021-12-23 05:09:39,FALSE,NA,"1473883478446206976",NA,"<a href=""http://twitter.com/download/android"" rel=""nofollow"">Twitter for Android</a>","JerardCastrove2",149,TRUE,FALSE,NA,NA
"@cagyjan1 Where is the almost $152M Project Fund to SkyMavis? 4 years and still Alpha",FALSE,2,"cagyjan1",2021-12-23 04:36:43,FALSE,"1473861203147603970","1473875189104771077","903085850115940352","<a href=""http://twitter.com/download/android"" rel=""nofollow"">Twitter for Android</a>","jervipn11",0,FALSE,FALSE,NA,NA
"RT @AxieInfinity: We plan on upgrading this over time!

https://t.co/qyO1Z30VdW https://t.co/Zpn7QxiNvF",FALSE,0,NA,2021-12-23 04:33:06,FALSE,NA,"1473874280035553284",NA,"<a href=""http://twitter.com/download/android"" rel=""nofollow"">Twitter for Android</a>","jann_msjann",149,TRUE,FALSE,NA,NA
"MoMo, Tiki và VNPay d<U+1EAB>n d<U+1EA7>u cu<U+1ED9>c dua kêu g<U+1ECD>i v<U+1ED1>n d<U+1EA7>u tu trong nam 2021.
#startup #g<U+1ECD>iv<U+1ED1>n #d<U+1EA7>utu #kh<U+1EDF>inghi<U+1EC7>p #MoMo … https://t.co/lRsRbrhx98",FALSE,0,NA,2021-12-23 04:31:21,TRUE,NA,"1473873842560925699",NA,"<a href=""https://mobile.twitter.com"" rel=""nofollow"">Twitter Web App</a>","Baomoi247",0,FALSE,FALSE,NA,NA
"NFT gi<U+1EA3>m và doanh s<U+1ED1> bán hàng l<U+1EDB>n nh<U+1EA5>t vào nam 2021
#axieinfinity #beeple039s #boredape #cryptopunks #dapperlabs… https://t.co/Xcm7TMp296",FALSE,0,NA,2021-12-23 04:28:14,TRUE,NA,"1473873056384925698",NA,"<a href=""https://www.hootsuite.com"" rel=""nofollow"">Hootsuite Inc.</a>","maxxnewsvn",0,FALSE,FALSE,NA,NA
"RT @AxieInfinity: We plan on upgrading this over time!

https://t.co/qyO1Z30VdW https://t.co/Zpn7QxiNvF",FALSE,0,NA,2021-12-23 04:22:15,FALSE,NA,"1473871549400694786",NA,"<a href=""http://twitter.com/download/android"" rel=""nofollow"">Twitter for Android</a>","jucyangeles1",149,TRUE,FALSE,NA,NA
"RT @AxieInfinity: We plan on upgrading this over time!

https://t.co/qyO1Z30VdW https://t.co/Zpn7QxiNvF",FALSE,0,NA,2021-12-23 04:09:12,FALSE,NA,"1473868267429466114",NA,"<a href=""http://twitter.com/download/android"" rel=""nofollow"">Twitter for Android</a>","nienmadrazo",149,TRUE,FALSE,NA,NA
"RT @AxieInfinity: We plan on upgrading this over time!

https://t.co/qyO1Z30VdW https://t.co/Zpn7QxiNvF",FALSE,0,NA,2021-12-23 04:07:23,FALSE,NA,"1473867810065448964",NA,"<a href=""http://twitter.com/download/android"" rel=""nofollow"">Twitter for Android</a>","rere_oca",149,TRUE,FALSE,NA,NA
"RT @AxieInfinity: We plan on upgrading this over time!

https://t.co/qyO1Z30VdW https://t.co/Zpn7QxiNvF",FALSE,0,NA,2021-12-23 03:55:02,FALSE,NA,"1473864701994012678",NA,"<a href=""http://twitter.com/download/android"" rel=""nofollow"">Twitter for Android</a>","Chocadoodledooo",149,TRUE,FALSE,NA,NA
"@cagyjan1 cagy? rofl

https://t.co/qIu73MwkFK

https://t.co/o1wLogT7YW",FALSE,2,"cagyjan1",2021-12-23 03:44:12,FALSE,"1473861203147603970","1473861975415341069","903085850115940352","<a href=""https://mobile.twitter.com"" rel=""nofollow"">Twitter Web App</a>","xusttavo",0,FALSE,FALSE,NA,NA
"RT @AxieInfinity: We plan on upgrading this over time!

https://t.co/qyO1Z30VdW https://t.co/Zpn7QxiNvF",FALSE,0,NA,2021-12-23 03:24:51,FALSE,NA,"1473857105388003334",NA,"<a href=""http://twitter.com/download/iphone"" rel=""nofollow"">Twitter for iPhone</a>","Anonilucas2",149,TRUE,FALSE,NA,NA
"RT @AxieInfinity: We plan on upgrading this over time!

https://t.co/qyO1Z30VdW https://t.co/Zpn7QxiNvF",FALSE,0,NA,2021-12-23 03:19:08,FALSE,NA,"1473855665416196097",NA,"<a href=""https://mobile.twitter.com"" rel=""nofollow"">Twitter Web App</a>","CryptoAshy",149,TRUE,FALSE,NA,NA
"RT @AxieInfinity: We plan on upgrading this over time!

https://t.co/qyO1Z30VdW https://t.co/Zpn7QxiNvF",FALSE,0,NA,2021-12-23 03:14:39,FALSE,NA,"1473854539367288833",NA,"<a href=""http://twitter.com/download/android"" rel=""nofollow"">Twitter for Android</a>","bjay_morante",149,TRUE,FALSE,NA,NA
"RT @AxieInfinity: We plan on upgrading this over time!

https://t.co/qyO1Z30VdW https://t.co/Zpn7QxiNvF",FALSE,0,NA,2021-12-23 03:12:24,FALSE,NA,"1473853971223638019",NA,"<a href=""https://mobile.twitter.com"" rel=""nofollow"">Twitter Web App</a>","ez_topreneur",149,TRUE,FALSE,NA,NA
"RT @AxieInfinity: We plan on upgrading this over time!

https://t.co/qyO1Z30VdW https://t.co/Zpn7QxiNvF",FALSE,0,NA,2021-12-23 03:07:19,FALSE,NA,"1473852693651202048",NA,"<a href=""http://twitter.com/download/iphone"" rel=""nofollow"">Twitter for iPhone</a>","LPluemnet",149,TRUE,FALSE,NA,NA
"RT @MrGD06465141: @AxieInfinity The future is bright. The future is Skymavis <U+0001F938><U+200D><U+2642><U+FE0F><U+0001F60A><U+0001F938><U+200D><U+2642><U+FE0F><U+0001F37E>",FALSE,0,NA,2021-12-23 03:01:18,FALSE,NA,"1473851178215563265",NA,"<a href=""http://twitter.com/download/android"" rel=""nofollow"">Twitter for Android</a>","JoerginaDiaz",2,TRUE,FALSE,NA,NA
"RT @AxieInfinity: We plan on upgrading this over time!

https://t.co/qyO1Z30VdW https://t.co/Zpn7QxiNvF",FALSE,0,NA,2021-12-23 02:51:49,FALSE,NA,"1473848791602458629",NA,"<a href=""http://twitter.com/download/android"" rel=""nofollow"">Twitter for Android</a>","Jayar82252303",149,TRUE,FALSE,NA,NA
"RT @AxieInfinity: We plan on upgrading this over time!

https://t.co/qyO1Z30VdW https://t.co/Zpn7QxiNvF",FALSE,0,NA,2021-12-23 02:50:38,FALSE,NA,"1473848494477623296",NA,"<a href=""http://twitter.com/download/android"" rel=""nofollow"">Twitter for Android</a>","JONEL98008055",149,TRUE,FALSE,NA,NA
"RT @AxieInfinity: We plan on upgrading this over time!

https://t.co/qyO1Z30VdW https://t.co/Zpn7QxiNvF",FALSE,0,NA,2021-12-23 02:39:09,FALSE,NA,"1473845606150209536",NA,"<a href=""http://twitter.com/download/android"" rel=""nofollow"">Twitter for Android</a>","Reenjii",149,TRUE,FALSE,NA,NA
"RT @AxieInfinity: We plan on upgrading this over time!

https://t.co/qyO1Z30VdW https://t.co/Zpn7QxiNvF",FALSE,0,NA,2021-12-23 02:38:41,FALSE,NA,"1473845487715622912",NA,"<a href=""http://twitter.com/download/android"" rel=""nofollow"">Twitter for Android</a>","ReadyPlayerAz",149,TRUE,FALSE,NA,NA
"RT @AxieInfinity: We plan on upgrading this over time!

https://t.co/qyO1Z30VdW https://t.co/Zpn7QxiNvF",FALSE,0,NA,2021-12-23 02:29:58,FALSE,NA,"1473843293372903428",NA,"<a href=""http://twitter.com/download/android"" rel=""nofollow"">Twitter for Android</a>","Airy35277298",149,TRUE,FALSE,NA,NA
"RT @AxieInfinity: We plan on upgrading this over time!

https://t.co/qyO1Z30VdW https://t.co/Zpn7QxiNvF",FALSE,0,NA,2021-12-23 02:19:28,FALSE,NA,"1473840650009583618",NA,"<a href=""http://twitter.com/download/android"" rel=""nofollow"">Twitter for Android</a>","DominadorBaqui1",149,TRUE,FALSE,NA,NA
"RT @AxieInfinity: We plan on upgrading this over time!

https://t.co/qyO1Z30VdW https://t.co/Zpn7QxiNvF",FALSE,0,NA,2021-12-23 02:01:58,FALSE,NA,"1473836245008936961",NA,"<a href=""http://twitter.com/download/android"" rel=""nofollow"">Twitter for Android</a>","chellekitts",149,TRUE,FALSE,NA,NA
"RT @AxieInfinity: We plan on upgrading this over time!

https://t.co/qyO1Z30VdW https://t.co/Zpn7QxiNvF",FALSE,0,NA,2021-12-23 01:51:01,FALSE,NA,"1473833490554580992",NA,"<a href=""http://twitter.com/download/android"" rel=""nofollow"">Twitter for Android</a>","BoninSnigal",149,TRUE,FALSE,NA,NA
"RT @AxieInfinity: We plan on upgrading this over time!

https://t.co/qyO1Z30VdW https://t.co/Zpn7QxiNvF",FALSE,0,NA,2021-12-23 01:47:16,FALSE,NA,"1473832546928521217",NA,"<a href=""http://twitter.com/download/android"" rel=""nofollow"">Twitter for Android</a>","JamalPermana10",149,TRUE,FALSE,NA,NA
"RT @AxieInfinity: We plan on upgrading this over time!

https://t.co/qyO1Z30VdW https://t.co/Zpn7QxiNvF",FALSE,0,NA,2021-12-23 01:35:15,FALSE,NA,"1473829523439292416",NA,"<a href=""http://twitter.com/download/android"" rel=""nofollow"">Twitter for Android</a>","JaneReyPaura",149,TRUE,FALSE,NA,NA
"RT @AxieInfinity: We plan on upgrading this over time!

https://t.co/qyO1Z30VdW https://t.co/Zpn7QxiNvF",FALSE,0,NA,2021-12-23 01:28:01,FALSE,NA,"1473827702796795904",NA,"<a href=""http://twitter.com/download/android"" rel=""nofollow"">Twitter for Android</a>","Marcuz027",149,TRUE,FALSE,NA,NA
"RT @AxieInfinity: We plan on upgrading this over time!

https://t.co/qyO1Z30VdW https://t.co/Zpn7QxiNvF",FALSE,0,NA,2021-12-23 01:15:33,FALSE,NA,"1473824565344497667",NA,"<a href=""http://twitter.com/download/android"" rel=""nofollow"">Twitter for Android</a>","Nymph88939965",149,TRUE,FALSE,NA,NA
"RT @AxieInfinity: We plan on upgrading this over time!

https://t.co/qyO1Z30VdW https://t.co/Zpn7QxiNvF",FALSE,0,NA,2021-12-23 01:00:51,FALSE,NA,"1473820868182626304",NA,"<a href=""https://mobile.twitter.com"" rel=""nofollow"">Twitter Web App</a>","vg0nline",149,TRUE,FALSE,NA,NA
"RT @AxieInfinity: We plan on upgrading this over time!

https://t.co/qyO1Z30VdW https://t.co/Zpn7QxiNvF",FALSE,0,NA,2021-12-23 00:36:21,FALSE,NA,"1473814700874158080",NA,"<a href=""http://twitter.com/download/android"" rel=""nofollow"">Twitter for Android</a>","RomeoTayagVRK",149,TRUE,FALSE,NA,NA
"RT @AxieInfinity: We plan on upgrading this over time!

https://t.co/qyO1Z30VdW https://t.co/Zpn7QxiNvF",FALSE,0,NA,2021-12-23 00:29:49,FALSE,NA,"1473813056186892288",NA,"<a href=""http://twitter.com/download/android"" rel=""nofollow"">Twitter for Android</a>","NapthaliePeasc1",149,TRUE,FALSE,NA,NA
"RT @AxieInfinity: We plan on upgrading this over time!

https://t.co/qyO1Z30VdW https://t.co/Zpn7QxiNvF",FALSE,0,NA,2021-12-23 00:21:19,FALSE,NA,"1473810915673841665",NA,"<a href=""http://twitter.com/download/iphone"" rel=""nofollow"">Twitter for iPhone</a>","DonLeung_",149,TRUE,FALSE,NA,NA
"RT @AxieInfinity: We plan on upgrading this over time!

https://t.co/qyO1Z30VdW https://t.co/Zpn7QxiNvF",FALSE,0,NA,2021-12-23 00:16:26,FALSE,NA,"1473809688177295364",NA,"<a href=""http://twitter.com/download/android"" rel=""nofollow"">Twitter for Android</a>","pungano_yadira",149,TRUE,FALSE,NA,NA
"RT @AxieInfinity: We plan on upgrading this over time!

https://t.co/qyO1Z30VdW https://t.co/Zpn7QxiNvF",FALSE,0,NA,2021-12-23 00:03:10,FALSE,NA,"1473806348056162304",NA,"<a href=""http://twitter.com/download/android"" rel=""nofollow"">Twitter for Android</a>","Boring4ever106",149,TRUE,FALSE,NA,NA
"RT @AxieInfinity: We plan on upgrading this over time!

https://t.co/qyO1Z30VdW https://t.co/Zpn7QxiNvF",FALSE,0,NA,2021-12-22 23:50:57,FALSE,NA,"1473803275057393667",NA,"<a href=""http://twitter.com/download/android"" rel=""nofollow"">Twitter for Android</a>","dc19jaydee",149,TRUE,FALSE,NA,NA
"RT @AxieInfinity: We plan on upgrading this over time!

https://t.co/qyO1Z30VdW https://t.co/Zpn7QxiNvF",FALSE,0,NA,2021-12-22 23:44:23,FALSE,NA,"1473801625013977090",NA,"<a href=""http://twitter.com/download/android"" rel=""nofollow"">Twitter for Android</a>","bryanjayborre",149,TRUE,FALSE,NA,NA
"RT @AxieInfinity: We plan on upgrading this over time!

https://t.co/qyO1Z30VdW https://t.co/Zpn7QxiNvF",FALSE,0,NA,2021-12-22 23:40:16,FALSE,NA,"1473800587896578055",NA,"<a href=""https://mobile.twitter.com"" rel=""nofollow"">Twitter Web App</a>","CotufaGamer",149,TRUE,FALSE,NA,NA
"RT @AxieInfinity: We plan on upgrading this over time!

https://t.co/qyO1Z30VdW https://t.co/Zpn7QxiNvF",FALSE,0,NA,2021-12-22 23:27:27,FALSE,NA,"1473797360622964739",NA,"<a href=""https://mobile.twitter.com"" rel=""nofollow"">Twitter Web App</a>","mundobitcoinyt",149,TRUE,FALSE,NA,NA
"RT @AxieInfinity: We plan on upgrading this over time!

https://t.co/qyO1Z30VdW https://t.co/Zpn7QxiNvF",FALSE,0,NA,2021-12-22 23:22:18,FALSE,NA,"1473796065405321220",NA,"<a href=""http://twitter.com/download/android"" rel=""nofollow"">Twitter for Android</a>","AxiePablo_",149,TRUE,FALSE,NA,NA
"RT @AxieInfinity: We plan on upgrading this over time!

https://t.co/qyO1Z30VdW https://t.co/Zpn7QxiNvF",FALSE,0,NA,2021-12-22 22:59:10,FALSE,NA,"1473790243036086274",NA,"<a href=""http://twitter.com/download/android"" rel=""nofollow"">Twitter for Android</a>","CamzTribiana",149,TRUE,FALSE,NA,NA
"RT @AxieInfinity: We plan on upgrading this over time!

https://t.co/qyO1Z30VdW https://t.co/Zpn7QxiNvF",FALSE,0,NA,2021-12-22 22:46:39,FALSE,NA,"1473787095193997330",NA,"<a href=""http://twitter.com/download/iphone"" rel=""nofollow"">Twitter for iPhone</a>","enobey07",149,TRUE,FALSE,NA,NA
"RT @AxieInfinity: We plan on upgrading this over time!

https://t.co/qyO1Z30VdW https://t.co/Zpn7QxiNvF",FALSE,0,NA,2021-12-22 22:19:53,FALSE,NA,"1473780357623611392",NA,"<a href=""http://twitter.com/download/android"" rel=""nofollow"">Twitter for Android</a>","nicijein",149,TRUE,FALSE,NA,NA
"RT @AxieInfinity: We plan on upgrading this over time!

https://t.co/qyO1Z30VdW https://t.co/Zpn7QxiNvF",FALSE,0,NA,2021-12-22 22:19:45,FALSE,NA,"1473780322626338820",NA,"<a href=""http://twitter.com/download/android"" rel=""nofollow"">Twitter for Android</a>","JohnRJ6008",149,TRUE,FALSE,NA,NA
"RT @AxieInfinity: We plan on upgrading this over time!

https://t.co/qyO1Z30VdW https://t.co/Zpn7QxiNvF",FALSE,0,NA,2021-12-22 22:08:00,FALSE,NA,"1473777367134851072",NA,"<a href=""http://twitter.com/download/android"" rel=""nofollow"">Twitter for Android</a>","AuntySuzany",149,TRUE,FALSE,NA,NA
"@AxieInfinity Debieron cumplir con la meta fijada antes de fin de año, lo suspendieron y éso enterró el slp aparte… https://t.co/kNYxtmPxu3",FALSE,3,"AxieInfinity",2021-12-22 22:07:33,TRUE,"1473695345217576963","1473777255138562048","957716432430641152","<a href=""http://twitter.com/download/android"" rel=""nofollow"">Twitter for Android</a>","Luchote_cipo",0,FALSE,FALSE,NA,NA
"RT @AxieInfinity: We plan on upgrading this over time!

https://t.co/qyO1Z30VdW https://t.co/Zpn7QxiNvF",FALSE,0,NA,2021-12-22 21:58:56,FALSE,NA,"1473775085530271744",NA,"<a href=""http://twitter.com/download/android"" rel=""nofollow"">Twitter for Android</a>","to_the_Moan",149,TRUE,FALSE,NA,NA
"RT @AxieInfinity: We plan on upgrading this over time!

https://t.co/qyO1Z30VdW https://t.co/Zpn7QxiNvF",FALSE,0,NA,2021-12-22 21:46:59,FALSE,NA,"1473772078855819271",NA,"<a href=""http://twitter.com/download/android"" rel=""nofollow"">Twitter for Android</a>","eazuaje_x",149,TRUE,FALSE,NA,NA
"RT @AxieInfinity: We plan on upgrading this over time!

https://t.co/qyO1Z30VdW https://t.co/Zpn7QxiNvF",FALSE,0,NA,2021-12-22 21:21:39,FALSE,NA,"1473765702154739717",NA,"<a href=""https://mobile.twitter.com"" rel=""nofollow"">Twitter Web App</a>","Eloy_S_Sanchez",149,TRUE,FALSE,NA,NA
"RT @AxieInfinity: We plan on upgrading this over time!

https://t.co/qyO1Z30VdW https://t.co/Zpn7QxiNvF",FALSE,0,NA,2021-12-22 20:45:31,FALSE,NA,"1473756609348354056",NA,"<a href=""http://twitter.com/download/android"" rel=""nofollow"">Twitter for Android</a>","PedroQuerales",149,TRUE,FALSE,NA,NA
"RT @AxieInfinity: We plan on upgrading this over time!

https://t.co/qyO1Z30VdW https://t.co/Zpn7QxiNvF",FALSE,0,NA,2021-12-22 20:34:13,FALSE,NA,"1473753766440497153",NA,"<a href=""https://mobile.twitter.com"" rel=""nofollow"">Twitter Web App</a>","DonDieg006",149,TRUE,FALSE,NA,NA
"RT @AxieInfinity: We plan on upgrading this over time!

https://t.co/qyO1Z30VdW https://t.co/Zpn7QxiNvF",FALSE,0,NA,2021-12-22 20:25:26,FALSE,NA,"1473751557258854406",NA,"<a href=""http://twitter.com/download/iphone"" rel=""nofollow"">Twitter for iPhone</a>","GuillermoDiazGr",149,TRUE,FALSE,NA,NA
"RT @AxieInfinity: We plan on upgrading this over time!

https://t.co/qyO1Z30VdW https://t.co/Zpn7QxiNvF",FALSE,0,NA,2021-12-22 20:12:55,FALSE,NA,"1473748406271193100",NA,"<a href=""http://twitter.com/download/android"" rel=""nofollow"">Twitter for Android</a>","Cryptobullza",149,TRUE,FALSE,NA,NA
"RT @AxieInfinity: We plan on upgrading this over time!

https://t.co/qyO1Z30VdW https://t.co/Zpn7QxiNvF",FALSE,0,NA,2021-12-22 20:00:27,FALSE,NA,"1473745270341046273",NA,"<a href=""http://twitter.com/download/android"" rel=""nofollow"">Twitter for Android</a>","roninmaximalist",149,TRUE,FALSE,NA,NA
"RT @AxieInfinity: We plan on upgrading this over time!

https://t.co/qyO1Z30VdW https://t.co/Zpn7QxiNvF",FALSE,0,NA,2021-12-22 19:48:11,FALSE,NA,"1473742179273224198",NA,"<a href=""http://twitter.com/download/android"" rel=""nofollow"">Twitter for Android</a>","A_VerVal",149,TRUE,FALSE,NA,NA
"RT @AxieInfinity: We plan on upgrading this over time!

https://t.co/qyO1Z30VdW https://t.co/Zpn7QxiNvF",FALSE,0,NA,2021-12-22 19:32:48,FALSE,NA,"1473738308819857419",NA,"<a href=""http://twitter.com/download/android"" rel=""nofollow"">Twitter for Android</a>","bestaxies",149,TRUE,FALSE,NA,NA
"RT @AxieInfinity: We plan on upgrading this over time!

https://t.co/qyO1Z30VdW https://t.co/Zpn7QxiNvF",FALSE,0,NA,2021-12-22 19:23:41,FALSE,NA,"1473736015651250176",NA,"<a href=""http://twitter.com/download/iphone"" rel=""nofollow"">Twitter for iPhone</a>","Ningsiiiii",149,TRUE,FALSE,NA,NA
"RT @AxieInfinity: We plan on upgrading this over time!

https://t.co/qyO1Z30VdW https://t.co/Zpn7QxiNvF",FALSE,0,NA,2021-12-22 19:08:22,FALSE,NA,"1473732161325121536",NA,"<a href=""http://twitter.com/download/android"" rel=""nofollow"">Twitter for Android</a>","Julz031385",149,TRUE,FALSE,NA,NA
"@MrGD06465141 @AxieInfinity Proof me with fact how the future of skymavis is bright?",FALSE,4,"MrGD06465141",2021-12-22 18:55:54,FALSE,"1473715050196131844","1473729023717126146","1341043035828842499","<a href=""http://twitter.com/download/android"" rel=""nofollow"">Twitter for Android</a>","jih930809",0,FALSE,FALSE,NA,NA
"RT @AxieInfinity: We plan on upgrading this over time!

https://t.co/qyO1Z30VdW https://t.co/Zpn7QxiNvF",FALSE,0,NA,2021-12-22 18:45:00,FALSE,NA,"1473726279195439107",NA,"<a href=""http://twitter.com/download/android"" rel=""nofollow"">Twitter for Android</a>","earl_data",149,TRUE,FALSE,NA,NA
"@JotaEquis7 @Ukrainedope @AxieInfinity It only remains to wait for Skymavis. I like Axie and her community, the las… https://t.co/y7tnXU7CSm",FALSE,0,"GoyMustang",2021-12-22 18:37:17,TRUE,"1473724056742551561","1473724339472244741","1311387914740404229","<a href=""http://twitter.com/download/android"" rel=""nofollow"">Twitter for Android</a>","GoyMustang",0,FALSE,FALSE,NA,NA
"RT @AxieInfinity: We plan on upgrading this over time!

https://t.co/qyO1Z30VdW https://t.co/Zpn7QxiNvF",FALSE,0,NA,2021-12-22 18:12:26,FALSE,NA,"1473718084288618507",NA,"<a href=""http://twitter.com/download/android"" rel=""nofollow"">Twitter for Android</a>","angelyvergara5",149,TRUE,FALSE,NA,NA
"RT @AxieInfinity: We plan on upgrading this over time!

https://t.co/qyO1Z30VdW https://t.co/Zpn7QxiNvF",FALSE,0,NA,2021-12-22 18:08:47,FALSE,NA,"1473717164645494788",NA,"<a href=""http://twitter.com/download/android"" rel=""nofollow"">Twitter for Android</a>","jeffelnose",149,TRUE,FALSE,NA,NA
"Plant Axies are known to be great shields.
https://t.co/2GJMuoZ2AW

#AxieInfinityScholarshipProgram #AxieCommunity… https://t.co/bLbsoQC6qC",FALSE,2,NA,2021-12-22 18:07:19,TRUE,NA,"1473716796939198470",NA,"<a href=""https://mobile.twitter.com"" rel=""nofollow"">Twitter Web App</a>","Gamehot_net_",1,FALSE,FALSE,NA,NA
"@brycent_ @AxieInfinity Easy to say when you got seed founding from SkyMavis huh!?",FALSE,8,"brycent_",2021-12-22 18:07:10,FALSE,"1473701704550043652","1473716760104914946","2697947171","<a href=""https://mobile.twitter.com"" rel=""nofollow"">Twitter Web App</a>","guinaaaaa",0,FALSE,FALSE,NA,NA
"RT @AxieInfinity: We plan on upgrading this over time!

https://t.co/qyO1Z30VdW https://t.co/Zpn7QxiNvF",FALSE,0,NA,2021-12-22 18:05:45,FALSE,NA,"1473716403073081345",NA,"<a href=""http://twitter.com/download/android"" rel=""nofollow"">Twitter for Android</a>","naeemaly786",149,TRUE,FALSE,NA,NA
"RT @AxieInfinity: We plan on upgrading this over time!

https://t.co/qyO1Z30VdW https://t.co/Zpn7QxiNvF",FALSE,0,NA,2021-12-22 18:05:22,FALSE,NA,"1473716307849887762",NA,"<a href=""http://twitter.com/download/android"" rel=""nofollow"">Twitter for Android</a>","NikkoBarde",149,TRUE,FALSE,NA,NA
"RT @AxieInfinity: We plan on upgrading this over time!

https://t.co/qyO1Z30VdW https://t.co/Zpn7QxiNvF",FALSE,0,NA,2021-12-22 18:05:02,FALSE,NA,"1473716220797100035",NA,"<a href=""http://twitter.com/download/android"" rel=""nofollow"">Twitter for Android</a>","seichuronin",149,TRUE,FALSE,NA,NA
"RT @AxieInfinity: We plan on upgrading this over time!

https://t.co/qyO1Z30VdW https://t.co/Zpn7QxiNvF",FALSE,0,NA,2021-12-22 18:01:31,FALSE,NA,"1473715338856615940",NA,"<a href=""https://mobile.twitter.com"" rel=""nofollow"">Twitter Web App</a>","Alucard72461796",149,TRUE,FALSE,NA,NA
"@AxieInfinity The future is bright. The future is Skymavis <U+0001F938><U+200D><U+2642><U+FE0F><U+0001F60A><U+0001F938><U+200D><U+2642><U+FE0F><U+0001F37E>",FALSE,4,"AxieInfinity",2021-12-22 18:00:22,FALSE,"1473704925905440779","1473715050196131844","957716432430641152","<a href=""http://twitter.com/download/android"" rel=""nofollow"">Twitter for Android</a>","MrGD06465141",2,FALSE,FALSE,NA,NA
"RT @AxieInfinity: We plan on upgrading this over time!

https://t.co/qyO1Z30VdW https://t.co/Zpn7QxiNvF",FALSE,0,NA,2021-12-22 17:53:49,FALSE,NA,"1473713398672199681",NA,"<a href=""http://twitter.com/download/iphone"" rel=""nofollow"">Twitter for iPhone</a>","ozgurpehlivann",149,TRUE,FALSE,NA,NA
"RT @AxieInfinity: We plan on upgrading this over time!

https://t.co/qyO1Z30VdW https://t.co/Zpn7QxiNvF",FALSE,0,NA,2021-12-22 17:49:26,FALSE,NA,"1473712297478705159",NA,"<a href=""http://twitter.com/download/android"" rel=""nofollow"">Twitter for Android</a>","Kervindenajiba2",149,TRUE,FALSE,NA,NA
"RT @AxieInfinity: We plan on upgrading this over time!

https://t.co/qyO1Z30VdW https://t.co/Zpn7QxiNvF",FALSE,0,NA,2021-12-22 17:46:43,FALSE,NA,"1473711614260039682",NA,"<a href=""http://twitter.com/download/android"" rel=""nofollow"">Twitter for Android</a>","mmnnlvr",149,TRUE,FALSE,NA,NA
"RT @AxieInfinity: We plan on upgrading this over time!

https://t.co/qyO1Z30VdW https://t.co/Zpn7QxiNvF",FALSE,0,NA,2021-12-22 17:45:02,FALSE,NA,"1473711191734333453",NA,"<a href=""https://mobile.twitter.com"" rel=""nofollow"">Twitter Web App</a>","LoverF22",149,TRUE,FALSE,NA,NA
"RT @AxieInfinity: We plan on upgrading this over time!

https://t.co/qyO1Z30VdW https://t.co/Zpn7QxiNvF",FALSE,0,NA,2021-12-22 17:42:45,FALSE,NA,"1473710614111571968",NA,"<a href=""http://twitter.com/download/iphone"" rel=""nofollow"">Twitter for iPhone</a>","SomaPillsTV",149,TRUE,FALSE,NA,NA
"RT @AxieInfinity: We plan on upgrading this over time!

https://t.co/qyO1Z30VdW https://t.co/Zpn7QxiNvF",FALSE,0,NA,2021-12-22 17:42:34,FALSE,NA,"1473710567768707083",NA,"<a href=""http://twitter.com/download/android"" rel=""nofollow"">Twitter for Android</a>","Taney79634706",149,TRUE,FALSE,NA,NA
"RT @AxieInfinity: We plan on upgrading this over time!

https://t.co/qyO1Z30VdW https://t.co/Zpn7QxiNvF",FALSE,0,NA,2021-12-22 17:41:40,FALSE,NA,"1473710343620866056",NA,"<a href=""http://twitter.com/#!/download/ipad"" rel=""nofollow"">Twitter for iPad</a>","NimbleSam",149,TRUE,FALSE,NA,NA
"RT @AxieInfinity: We plan on upgrading this over time!

https://t.co/qyO1Z30VdW https://t.co/Zpn7QxiNvF",FALSE,0,NA,2021-12-22 17:40:05,FALSE,NA,"1473709945858433024",NA,"<a href=""http://twitter.com/download/iphone"" rel=""nofollow"">Twitter for iPhone</a>","milkteanjelly",149,TRUE,FALSE,NA,NA
"RT @AxieInfinity: We plan on upgrading this over time!

https://t.co/qyO1Z30VdW https://t.co/Zpn7QxiNvF",FALSE,0,NA,2021-12-22 17:38:49,FALSE,NA,"1473709625404964867",NA,"<a href=""http://twitter.com/download/android"" rel=""nofollow"">Twitter for Android</a>","GagzkyGamerz",149,TRUE,FALSE,NA,NA
"RT @AxieInfinity: We plan on upgrading this over time!

https://t.co/qyO1Z30VdW https://t.co/Zpn7QxiNvF",FALSE,0,NA,2021-12-22 17:37:46,FALSE,NA,"1473709361222795267",NA,"<a href=""http://twitter.com/download/android"" rel=""nofollow"">Twitter for Android</a>","NaniNimon",149,TRUE,FALSE,NA,NA
"RT @AxieInfinity: We plan on upgrading this over time!

https://t.co/qyO1Z30VdW https://t.co/Zpn7QxiNvF",FALSE,0,NA,2021-12-22 17:36:02,FALSE,NA,"1473708926315159565",NA,"<a href=""https://dlvrit.com/"" rel=""nofollow"">dlvr.it</a>","joinensory",149,TRUE,FALSE,NA,NA
"RT @AxieInfinity: We plan on upgrading this over time!

https://t.co/qyO1Z30VdW https://t.co/Zpn7QxiNvF",FALSE,0,NA,2021-12-22 17:34:20,FALSE,NA,"1473708494960590848",NA,"<a href=""https://mobile.twitter.com"" rel=""nofollow"">Twitter Web App</a>","BitcoinTucker",149,TRUE,FALSE,NA,NA
"RT @AxieInfinity: We plan on upgrading this over time!

https://t.co/qyO1Z30VdW https://t.co/Zpn7QxiNvF",FALSE,0,NA,2021-12-22 17:33:30,FALSE,NA,"1473708287267065862",NA,"<a href=""http://twitter.com/download/android"" rel=""nofollow"">Twitter for Android</a>","OAGInfinity",149,TRUE,FALSE,NA,NA
"RT @AxieInfinity: We plan on upgrading this over time!

https://t.co/qyO1Z30VdW https://t.co/Zpn7QxiNvF",FALSE,0,NA,2021-12-22 17:33:14,FALSE,NA,"1473708218291527684",NA,"<a href=""http://twitter.com/download/android"" rel=""nofollow"">Twitter for Android</a>","PedroSi96874635",149,TRUE,FALSE,NA,NA
"RT @AxieInfinity: We plan on upgrading this over time!

https://t.co/qyO1Z30VdW https://t.co/Zpn7QxiNvF",FALSE,0,NA,2021-12-22 17:30:56,FALSE,NA,"1473707640849063937",NA,"<a href=""http://twitter.com/download/android"" rel=""nofollow"">Twitter for Android</a>","SomsuvraN",149,TRUE,FALSE,NA,NA
"RT @AxieInfinity: We plan on upgrading this over time!

https://t.co/qyO1Z30VdW https://t.co/Zpn7QxiNvF",FALSE,0,NA,2021-12-22 17:30:47,FALSE,NA,"1473707604287590401",NA,"<a href=""http://twitter.com/download/android"" rel=""nofollow"">Twitter for Android</a>","mny_heist",149,TRUE,FALSE,NA,NA
"RT @AxieInfinity: We plan on upgrading this over time!

https://t.co/qyO1Z30VdW https://t.co/Zpn7QxiNvF",FALSE,0,NA,2021-12-22 17:30:12,FALSE,NA,"1473707455989309452",NA,"<a href=""http://twitter.com/download/android"" rel=""nofollow"">Twitter for Android</a>","CCandrejo",149,TRUE,FALSE,NA,NA
"RT @AxieInfinity: We plan on upgrading this over time!

https://t.co/qyO1Z30VdW https://t.co/Zpn7QxiNvF",FALSE,0,NA,2021-12-22 17:28:32,FALSE,NA,"1473707035938197519",NA,"<a href=""http://twitter.com/download/android"" rel=""nofollow"">Twitter for Android</a>","littlenotover",149,TRUE,FALSE,NA,NA
"RT @AxieInfinity: We plan on upgrading this over time!

https://t.co/qyO1Z30VdW https://t.co/Zpn7QxiNvF",FALSE,0,NA,2021-12-22 17:27:46,FALSE,NA,"1473706843637784576",NA,"<a href=""http://twitter.com/download/android"" rel=""nofollow"">Twitter for Android</a>","Antr01d",149,TRUE,FALSE,NA,NA
"RT @AxieInfinity: We plan on upgrading this over time!

https://t.co/qyO1Z30VdW https://t.co/Zpn7QxiNvF",FALSE,0,NA,2021-12-22 17:27:22,FALSE,NA,"1473706742668472326",NA,"<a href=""http://twitter.com/download/android"" rel=""nofollow"">Twitter for Android</a>","DavidDuong86",149,TRUE,FALSE,NA,NA
"RT @AxieInfinity: We plan on upgrading this over time!

https://t.co/qyO1Z30VdW https://t.co/Zpn7QxiNvF",FALSE,0,NA,2021-12-22 17:26:58,FALSE,NA,"1473706643326406656",NA,"<a href=""http://twitter.com/download/iphone"" rel=""nofollow"">Twitter for iPhone</a>","WndllGnznSgtrs",149,TRUE,FALSE,NA,NA
"RT @AxieInfinity: We plan on upgrading this over time!

https://t.co/qyO1Z30VdW https://t.co/Zpn7QxiNvF",FALSE,0,NA,2021-12-22 17:26:45,FALSE,NA,"1473706589081190401",NA,"<a href=""http://twitter.com/download/android"" rel=""nofollow"">Twitter for Android</a>","TufranGekO",149,TRUE,FALSE,NA,NA
"RT @AxieInfinity: We plan on upgrading this over time!

https://t.co/qyO1Z30VdW https://t.co/Zpn7QxiNvF",FALSE,0,NA,2021-12-22 17:26:32,FALSE,NA,"1473706532210896896",NA,"<a href=""http://twitter.com/download/iphone"" rel=""nofollow"">Twitter for iPhone</a>","blacklegallan",149,TRUE,FALSE,NA,NA
"RT @AxieInfinity: We plan on upgrading this over time!

https://t.co/qyO1Z30VdW https://t.co/Zpn7QxiNvF",FALSE,0,NA,2021-12-22 17:25:34,FALSE,NA,"1473706288676843529",NA,"<a href=""http://twitter.com/download/android"" rel=""nofollow"">Twitter for Android</a>","KMarizLazo",149,TRUE,FALSE,NA,NA
"RT @AxieInfinity: We plan on upgrading this over time!

https://t.co/qyO1Z30VdW https://t.co/Zpn7QxiNvF",FALSE,0,NA,2021-12-22 17:24:35,FALSE,NA,"1473706041678659585",NA,"<a href=""http://twitter.com/download/android"" rel=""nofollow"">Twitter for Android</a>","SkylabXRP",149,TRUE,FALSE,NA,NA
"RT @AxieInfinity: We plan on upgrading this over time!

https://t.co/qyO1Z30VdW https://t.co/Zpn7QxiNvF",FALSE,0,NA,2021-12-22 17:24:15,FALSE,NA,"1473705960736755712",NA,"<a href=""http://twitter.com/download/android"" rel=""nofollow"">Twitter for Android</a>","Christo57766828",149,TRUE,FALSE,NA,NA
"RT @AxieInfinity: We plan on upgrading this over time!

https://t.co/qyO1Z30VdW https://t.co/Zpn7QxiNvF",FALSE,0,NA,2021-12-22 17:24:07,FALSE,NA,"1473705927555653633",NA,"<a href=""https://mobile.twitter.com"" rel=""nofollow"">Twitter Web App</a>","Mounste76831401",149,TRUE,FALSE,NA,NA
"RT @AxieInfinity: We plan on upgrading this over time!

https://t.co/qyO1Z30VdW https://t.co/Zpn7QxiNvF",FALSE,0,NA,2021-12-22 17:23:05,FALSE,NA,"1473705664237404160",NA,"<a href=""http://twitter.com/download/android"" rel=""nofollow"">Twitter for Android</a>","CJ_Phonehom3",149,TRUE,FALSE,NA,NA
"RT @AxieInfinity: We plan on upgrading this over time!

https://t.co/qyO1Z30VdW https://t.co/Zpn7QxiNvF",FALSE,0,NA,2021-12-22 17:22:39,FALSE,NA,"1473705556934283275",NA,"<a href=""http://twitter.com/download/android"" rel=""nofollow"">Twitter for Android</a>","Shashi52636750",149,TRUE,FALSE,NA,NA
"RT @AxieInfinity: We plan on upgrading this over time!

https://t.co/qyO1Z30VdW https://t.co/Zpn7QxiNvF",FALSE,0,NA,2021-12-22 17:22:34,FALSE,NA,"1473705535933399056",NA,"<a href=""https://mobile.twitter.com"" rel=""nofollow"">Twitter Web App</a>","MikeRajve",149,TRUE,FALSE,NA,NA
"RT @AxieInfinity: We plan on upgrading this over time!

https://t.co/qyO1Z30VdW https://t.co/Zpn7QxiNvF",FALSE,0,NA,2021-12-22 17:22:11,FALSE,NA,"1473705440978608130",NA,"<a href=""http://twitter.com/download/iphone"" rel=""nofollow"">Twitter for iPhone</a>","HUSTLINGBEAST",149,TRUE,FALSE,NA,NA
"RT @AxieInfinity: We plan on upgrading this over time!

https://t.co/qyO1Z30VdW https://t.co/Zpn7QxiNvF",FALSE,0,NA,2021-12-22 17:22:07,FALSE,NA,"1473705423865851911",NA,"<a href=""https://mobile.twitter.com"" rel=""nofollow"">Twitter Web App</a>","mattjta",149,TRUE,FALSE,NA,NA
"RT @AxieInfinity: We plan on upgrading this over time!

https://t.co/qyO1Z30VdW https://t.co/Zpn7QxiNvF",FALSE,0,NA,2021-12-22 17:21:54,FALSE,NA,"1473705368530432010",NA,"<a href=""https://mobile.twitter.com"" rel=""nofollow"">Twitter Web App</a>","Memel00133",149,TRUE,FALSE,NA,NA
"RT @AxieInfinity: We plan on upgrading this over time!

https://t.co/qyO1Z30VdW https://t.co/Zpn7QxiNvF",FALSE,0,NA,2021-12-22 17:21:52,FALSE,NA,"1473705360557068288",NA,"<a href=""https://mobile.twitter.com"" rel=""nofollow"">Twitter Web App</a>","Jihoz_Axie",149,TRUE,FALSE,NA,NA
"RT @AxieInfinity: We plan on upgrading this over time!

https://t.co/qyO1Z30VdW https://t.co/Zpn7QxiNvF",FALSE,0,NA,2021-12-22 17:21:50,FALSE,NA,"1473705349853204492",NA,"<a href=""http://twitter.com/download/android"" rel=""nofollow"">Twitter for Android</a>","MAZAM35398597",149,TRUE,FALSE,NA,NA
"RT @AxieInfinity: We plan on upgrading this over time!

https://t.co/qyO1Z30VdW https://t.co/Zpn7QxiNvF",FALSE,0,NA,2021-12-22 17:21:27,FALSE,NA,"1473705255896506378",NA,"<a href=""http://twitter.com/download/iphone"" rel=""nofollow"">Twitter for iPhone</a>","N0iSYB0YS",149,TRUE,FALSE,NA,NA
"RT @AxieInfinity: We plan on upgrading this over time!

https://t.co/qyO1Z30VdW https://t.co/Zpn7QxiNvF",FALSE,0,NA,2021-12-22 17:21:12,FALSE,NA,"1473705191581323264",NA,"<a href=""http://twitter.com/download/iphone"" rel=""nofollow"">Twitter for iPhone</a>","randelbandejas",149,TRUE,FALSE,NA,NA
"RT @AxieInfinity: We plan on upgrading this over time!

https://t.co/qyO1Z30VdW https://t.co/Zpn7QxiNvF",FALSE,0,NA,2021-12-22 17:21:02,FALSE,NA,"1473705151705849862",NA,"<a href=""http://twitter.com/download/iphone"" rel=""nofollow"">Twitter for iPhone</a>","Cosmicgirl892",149,TRUE,FALSE,NA,NA
"RT @AxieInfinity: We plan on upgrading this over time!

https://t.co/qyO1Z30VdW https://t.co/Zpn7QxiNvF",FALSE,0,NA,2021-12-22 17:21:00,FALSE,NA,"1473705142138642446",NA,"<a href=""http://twitter.com/download/android"" rel=""nofollow"">Twitter for Android</a>","MilanVillanuev7",149,TRUE,FALSE,NA,NA
"RT @AxieInfinity: We plan on upgrading this over time!

https://t.co/qyO1Z30VdW https://t.co/Zpn7QxiNvF",FALSE,0,NA,2021-12-22 17:20:47,FALSE,NA,"1473705085553328133",NA,"<a href=""http://twitter.com/download/iphone"" rel=""nofollow"">Twitter for iPhone</a>","ZhadowGA",149,TRUE,FALSE,NA,NA
"RT @AxieInfinity: We plan on upgrading this over time!

https://t.co/qyO1Z30VdW https://t.co/Zpn7QxiNvF",FALSE,0,NA,2021-12-22 17:20:35,FALSE,NA,"1473705035645214734",NA,"<a href=""http://twitter.com/download/iphone"" rel=""nofollow"">Twitter for iPhone</a>","alex2809c",149,TRUE,FALSE,NA,NA
"RT @AxieInfinity: We plan on upgrading this over time!

https://t.co/qyO1Z30VdW https://t.co/Zpn7QxiNvF",FALSE,0,NA,2021-12-22 17:20:29,FALSE,NA,"1473705012136407041",NA,"<a href=""http://twitter.com/download/android"" rel=""nofollow"">Twitter for Android</a>","famininano",149,TRUE,FALSE,NA,NA
"RT @AxieInfinity: We plan on upgrading this over time!

https://t.co/qyO1Z30VdW https://t.co/Zpn7QxiNvF",FALSE,0,NA,2021-12-22 17:20:28,FALSE,NA,"1473705006448914432",NA,"<a href=""http://twitter.com/download/android"" rel=""nofollow"">Twitter for Android</a>","wonderpets55",149,TRUE,FALSE,NA,NA
"RT @AxieInfinity: We plan on upgrading this over time!

https://t.co/qyO1Z30VdW https://t.co/Zpn7QxiNvF",FALSE,0,NA,2021-12-22 17:20:27,FALSE,NA,"1473705003789729793",NA,"<a href=""http://twitter.com/download/android"" rel=""nofollow"">Twitter for Android</a>","2ez4Dan19",149,TRUE,FALSE,NA,NA
"RT @AxieInfinity: We plan on upgrading this over time!

https://t.co/qyO1Z30VdW https://t.co/Zpn7QxiNvF",FALSE,0,NA,2021-12-22 17:20:26,FALSE,NA,"1473704997762256903",NA,"<a href=""http://twitter.com/download/android"" rel=""nofollow"">Twitter for Android</a>","iamjoshuacinco",149,TRUE,FALSE,NA,NA
"RT @AxieInfinity: We plan on upgrading this over time!

https://t.co/qyO1Z30VdW https://t.co/Zpn7QxiNvF",FALSE,0,NA,2021-12-22 17:20:22,FALSE,NA,"1473704980989509632",NA,"<a href=""http://twitter.com/download/android"" rel=""nofollow"">Twitter for Android</a>","Muadznatha05",149,TRUE,FALSE,NA,NA
"We plan on upgrading this over time!

https://t.co/qyO1Z30VdW https://t.co/Zpn7QxiNvF",FALSE,1210,NA,2021-12-22 17:20:09,FALSE,NA,"1473704925905440779",NA,"<a href=""https://mobile.twitter.com"" rel=""nofollow"">Twitter Web App</a>","AxieInfinity",149,FALSE,FALSE,NA,NA
"@cagyjan1 @illuviumio @AxieInfinity Cagy do you actually believe skymavis can fix the tokenomics of slp? Or its too… https://t.co/wxULrjjgQd",FALSE,0,"cagyjan1",2021-12-22 16:04:07,TRUE,"1473681896106299400","1473685793898119177","903085850115940352","<a href=""http://twitter.com/download/android"" rel=""nofollow"">Twitter for Android</a>","Nozdormu34",0,FALSE,FALSE,NA,NA
"@cagyjan1 @illuviumio @AxieInfinity Cause they are ""missionaries"" if i just known in July im joining a cult. <U+0001F937><U+0001F3FB><U+200D><U+2642><U+FE0F>… https://t.co/0zO7EFAWfa",FALSE,3,"cagyjan1",2021-12-22 15:56:17,TRUE,"1473680734028242953","1473683820977266701","903085850115940352","<a href=""http://twitter.com/download/android"" rel=""nofollow"">Twitter for Android</a>","Nozdormu34",0,FALSE,FALSE,NA,NA
"La team SkyMavis est tous simplement la team qui a crée @AxieInfinity, le Play2Earn n°1 a l'heure actuelle.
(n'en d… https://t.co/61CPxK4ckw",FALSE,0,"samo_w3",2021-12-22 13:27:25,TRUE,"1473646350596247552","1473646357671989256","1437769099","<a href=""https://mobile.twitter.com"" rel=""nofollow"">Twitter Web App</a>","samo_w3",0,FALSE,FALSE,NA,NA
"RT @SavageStudios6: Day 21 Last 5 days of the 25 days of giveaway!!  
Don't miss this opportunity to win 1000 $SLP   
Invite fellow Lunacia…",FALSE,0,NA,2021-12-21 15:01:43,FALSE,NA,"1473307703632363528",NA,"<a href=""http://twitter.com/download/android"" rel=""nofollow"">Twitter for Android</a>","SkyMavis_",335,TRUE,FALSE,NA,NA
"@DonLeung_ @blaack_mambaa @SavageStudios6 @AxieBuzz",FALSE,3,"DonLeung_",2021-12-21 15:01:11,FALSE,"1473292174842343439","1473307568324091912","1187072004941180930","<a href=""http://twitter.com/download/android"" rel=""nofollow"">Twitter for Android</a>","SkyMavis_",0,FALSE,FALSE,NA,NA
"RT @DonLeung_: <U+0001F385> 500 SLP CHRISTMAS GIVEAWAY <U+0001F384>

Steps:
1. Follow @DonLeung_ 
2. Like and Retweet
3. Tag 3 random people 

The winner will be…",FALSE,0,NA,2021-12-21 15:00:56,FALSE,NA,"1473307503849242628",NA,"<a href=""http://twitter.com/download/android"" rel=""nofollow"">Twitter for Android</a>","SkyMavis_",366,TRUE,FALSE,NA,NA
"No te preocupes!

¿Que debo hacer para solucionar el bug y que reseteen mis energías? 

Debes mandar un ticket al s… https://t.co/vfa9B4Jk4N",FALSE,1,"PureGG_Academy",2021-12-21 11:56:58,TRUE,"1473260841298317314","1473261208048324611","1452833998577803265","<a href=""http://twitter.com/download/android"" rel=""nofollow"">Twitter for Android</a>","PureGG_Academy",0,FALSE,FALSE,NA,NA
"RT @casey_lau: VC's invested $30B into crypto/Web3 startups in 2021:
$100mm Opensea
$150mm SkyMavis
$350 Dapper Labs
$555mm Moonpay
$1B FTX…",FALSE,0,NA,2021-12-21 01:14:50,FALSE,NA,"1473099611426283526",NA,"<a href=""http://twitter.com/download/android"" rel=""nofollow"">Twitter for Android</a>","startupsgba",1,TRUE,FALSE,NA,NA
"VC's invested $30B into crypto/Web3 startups in 2021:
$100mm Opensea
$150mm SkyMavis
$350 Dapper Labs
$555mm Moonpa… https://t.co/33U4Wspzhc",FALSE,7,NA,2021-12-21 00:49:02,TRUE,NA,"1473093116194279427",NA,"<a href=""https://mobile.twitter.com"" rel=""nofollow"">Twitter Web App</a>","casey_lau",1,FALSE,FALSE,NA,NA
"@Aoaoaoaonnn <U+5B09><U+3057><U+3044><U+3067><U+3059><U+0001F604>

<U+4ECA>Youtube<U+62DD><U+898B><U+3055><U+305B><U+3066><U+3044><U+305F><U+3060><U+3044><U+305F><U+306E><U+3067><U+3059><U+304C><U+3001>skymavis<U+306E><U+53CE><U+76CA><U+69CB><U+9020><U+306E><U+8A71><U+3059><U+3054><U+304F><U+308F><U+304B><U+308A><U+3084><U+3059><U+304F><U+3066><U+9762><U+767D><U+304B><U+3063><U+305F><U+3067><U+3059>!!",FALSE,1,"Aoaoaoaonnn",2021-12-20 13:17:53,FALSE,"1472909584449024007","1472919185244438532","1437220549940244482","<a href=""https://mobile.twitter.com"" rel=""nofollow"">Twitter Web App</a>","axietaro",0,FALSE,FALSE,NA,NA
"1550MMR W9 L1 D0 #AxieInfinity #SkyMavis #NFT #P2E https://t.co/fj81cF8lsE",FALSE,2,NA,2021-12-20 12:33:07,FALSE,NA,"1472907918127288323",NA,"<a href=""http://twitter.com/download/android"" rel=""nofollow"">Twitter for Android</a>","LotusAxieSolid",0,FALSE,FALSE,NA,NA
"I saw some racist managers, wtf.",FALSE,0,NA,2021-12-20 04:37:35,FALSE,NA,"1472788243628265474",NA,"<a href=""http://twitter.com/download/android"" rel=""nofollow"">Twitter for Android</a>","SkyMavis_",0,FALSE,FALSE,NA,NA
"Racist amputa!",FALSE,0,NA,2021-12-20 04:36:57,FALSE,NA,"1472788087642079232",NA,"<a href=""http://twitter.com/download/android"" rel=""nofollow"">Twitter for Android</a>","SkyMavis_",0,FALSE,FALSE,NA,NA
"@SJanuskas @blaumitz @Jihoz_Axie @Psycheout86 @AxieInfinity @AxieEliteBreedr @axie_tech @LabsAxie @better_axie… https://t.co/Zd2O1Za0Sx",FALSE,0,"SJanuskas",2021-12-19 22:34:41,TRUE,"1472694563563266056","1472696919483088896","998024003108376578","<a href=""https://mobile.twitter.com"" rel=""nofollow"">Twitter Web App</a>","ProtocolDoge",0,FALSE,FALSE,NA,NA
"@ProtocolDoge @blaumitz @Jihoz_Axie @Psycheout86 @AxieInfinity @AxieEliteBreedr @axie_tech @LabsAxie @better_axie… https://t.co/LIYUcaV2BR",FALSE,2,"ProtocolDoge",2021-12-19 22:25:19,TRUE,"1472693717249462275","1472694563563266056","1388014164208021505","<a href=""https://mobile.twitter.com"" rel=""nofollow"">Twitter Web App</a>","SJanuskas",0,FALSE,FALSE,NA,NA
"@SJanuskas @blaumitz @Jihoz_Axie @Psycheout86 @AxieInfinity @AxieEliteBreedr @axie_tech @LabsAxie @better_axie… https://t.co/OxBDzdI2bq",FALSE,0,"SJanuskas",2021-12-19 22:21:58,TRUE,"1472693061415280642","1472693717249462275","998024003108376578","<a href=""https://mobile.twitter.com"" rel=""nofollow"">Twitter Web App</a>","ProtocolDoge",0,FALSE,FALSE,NA,NA
"@SJanuskas @blaumitz @Jihoz_Axie @Psycheout86 @AxieInfinity @AxieEliteBreedr @axie_tech @LabsAxie @better_axie… https://t.co/cE5DVpVAZc",FALSE,0,"SJanuskas",2021-12-19 22:17:10,TRUE,"1472688550965567501","1472692510976000000","998024003108376578","<a href=""https://mobile.twitter.com"" rel=""nofollow"">Twitter Web App</a>","ProtocolDoge",0,FALSE,FALSE,NA,NA
"RT @btc_pancake: We will be creating more Scholarships. My priority right now is to take care of my community and reach out to my Scholars…",FALSE,0,NA,2021-12-19 14:57:28,FALSE,NA,"1472581857384763393",NA,"<a href=""http://twitter.com/download/android"" rel=""nofollow"">Twitter for Android</a>","SkyMavis_",29,TRUE,FALSE,NA,NA
